fetch_date,isin,ticker,expiry,type,strike,last_price,bid,ask,iv,volume,open_interest
2026-04-18,US0090661010,ABNB,2026-04-24,call,95.0,46.61,45.6,48.7,1.759766826171875,1.0,1.0
2026-04-18,US0090661010,ABNB,2026-04-24,call,110.0,23.61,30.75,33.65,1.23047259765625,2.0,2.0
2026-04-18,US0090661010,ABNB,2026-04-24,call,115.0,15.1,25.8,27.4,0.6679720703125002,12.0,23.0
2026-04-18,US0090661010,ABNB,2026-04-24,call,120.0,22.25,21.45,23.7,0.9995117236328125,6.0,172.0
2026-04-18,US0090661010,ABNB,2026-04-24,call,121.0,13.06,20.2,22.7,0.9267585449218749,9.0,15.0
2026-04-18,US0090661010,ABNB,2026-04-24,call,123.0,11.45,17.9,19.45,0.5468795312500001,12.0,13.0
2026-04-18,US0090661010,ABNB,2026-04-24,call,124.0,10.55,17.35,19.75,0.8452163916015624,4.0,4.0
2026-04-18,US0090661010,ABNB,2026-04-24,call,125.0,17.44,15.95,18.15,0.6650424121093752,2.0,25.0
2026-04-18,US0090661010,ABNB,2026-04-24,call,126.0,16.3,14.85,17.8,0.7138700488281251,8.0,53.0
2026-04-18,US0090661010,ABNB,2026-04-24,call,127.0,15.53,13.8,16.9,0.6850617431640625,1.0,82.0
2026-04-18,US0090661010,ABNB,2026-04-24,call,128.0,14.37,13.5,15.0,0.6235389208984375,4.0,633.0
2026-04-18,US0090661010,ABNB,2026-04-24,call,129.0,14.2,12.3,14.2,0.5888712988281251,6.0,33.0
2026-04-18,US0090661010,ABNB,2026-04-24,call,130.0,12.2,11.3,12.85,0.5083056982421875,9.0,114.0
2026-04-18,US0090661010,ABNB,2026-04-24,call,131.0,11.3,10.8,12.35,0.5905802661132813,10.0,103.0
2026-04-18,US0090661010,ABNB,2026-04-24,call,132.0,10.93,9.25,11.1,0.6513706738281251,12.0,68.0
2026-04-18,US0090661010,ABNB,2026-04-24,call,133.0,9.5,8.5,10.8,0.5283250292968751,9.0,89.0
2026-04-18,US0090661010,ABNB,2026-04-24,call,134.0,8.5,7.5,9.35,0.6084023535156251,28.0,26.0
2026-04-18,US0090661010,ABNB,2026-04-24,call,135.0,7.8,7.2,8.2,0.5400436621093752,10.0,227.0
2026-04-18,US0090661010,ABNB,2026-04-24,call,136.0,6.73,5.8,7.8,0.585941640625,6.0,51.0
2026-04-18,US0090661010,ABNB,2026-04-24,call,137.0,5.86,5.4,6.4,0.4792532543945312,32.0,48.0
2026-04-18,US0090661010,ABNB,2026-04-24,call,138.0,4.89,4.75,5.3,0.4167538793945312,11.0,44.0
2026-04-18,US0090661010,ABNB,2026-04-24,call,139.0,4.55,4.05,4.6,0.40820904296875,11.0,85.0
2026-04-18,US0090661010,ABNB,2026-04-24,call,140.0,3.6,3.4,3.7,0.36743796630859377,111.0,427.0
2026-04-18,US0090661010,ABNB,2026-04-24,call,141.0,3.2,2.77,3.35,0.3930724755859375,53.0,1083.0
2026-04-18,US0090661010,ABNB,2026-04-24,call,142.0,2.81,2.18,2.75,0.37915659912109373,56.0,534.0
2026-04-18,US0090661010,ABNB,2026-04-24,call,143.0,2.22,1.92,2.34,0.38281867187499996,144.0,60.0
2026-04-18,US0090661010,ABNB,2026-04-24,call,144.0,1.89,1.52,1.91,0.37720349365234374,611.0,48.0
2026-04-18,US0090661010,ABNB,2026-04-24,call,145.0,1.45,1.22,1.58,0.37842418457031246,92.0,1101.0
2026-04-18,US0090661010,ABNB,2026-04-24,call,146.0,1.09,0.93,1.39,0.39331661376953125,31.0,501.0
2026-04-18,US0090661010,ABNB,2026-04-24,call,147.0,0.98,0.58,0.88,0.35156898437499995,9.0,36.0
2026-04-18,US0090661010,ABNB,2026-04-24,call,148.0,0.68,0.46,0.82,0.375982802734375,663.0,33.0
2026-04-18,US0090661010,ABNB,2026-04-24,call,150.0,0.32,0.33,0.45,0.3627993408203125,39.0,73.0
2026-04-18,US0090661010,ABNB,2026-04-24,call,155.0,0.09,0.0,0.18,0.4023497265625,12.0,94.0
2026-04-18,US0090661010,ABNB,2026-04-24,call,160.0,0.12,0.0,0.12,0.47461462890625,1.0,1.0
2026-04-18,US0090661010,ABNB,2026-04-24,put,90.0,0.09,0.0,2.13,2.216801333007812,1.0,4.0
2026-04-18,US0090661010,ABNB,2026-04-24,put,95.0,0.06,0.0,2.13,1.9970703271484376,,1.0
2026-04-18,US0090661010,ABNB,2026-04-24,put,100.0,0.54,0.0,2.13,1.787110439453125,1.0,23.0
2026-04-18,US0090661010,ABNB,2026-04-24,put,105.0,0.04,0.0,0.76,1.26172244140625,4.0,12.0
2026-04-18,US0090661010,ABNB,2026-04-24,put,110.0,0.05,0.0,2.14,1.3911163256835937,2.0,107.0
2026-04-18,US0090661010,ABNB,2026-04-24,put,111.0,0.37,0.0,2.15,1.3540071362304684,2.0,5.0
2026-04-18,US0090661010,ABNB,2026-04-24,put,112.0,0.21,0.0,2.15,1.3154331103515622,1.0,8.0
2026-04-18,US0090661010,ABNB,2026-04-24,put,113.0,0.19,0.0,1.99,1.2509803076171875,2.0,17.0
2026-04-18,US0090661010,ABNB,2026-04-24,put,114.0,0.26,0.0,2.16,1.2412147314453121,3.0,5.0
2026-04-18,US0090661010,ABNB,2026-04-24,put,115.0,0.03,0.02,0.05,0.6367223828125,21.0,343.0
2026-04-18,US0090661010,ABNB,2026-04-24,put,116.0,0.09,0.0,1.64,1.08203583984375,3.0,13.0
2026-04-18,US0090661010,ABNB,2026-04-24,put,117.0,0.04,0.01,0.24,0.70898728515625,6.0,22.0
2026-04-18,US0090661010,ABNB,2026-04-24,put,118.0,0.97,0.0,1.6,1.003422951660156,3.0,66.0
2026-04-18,US0090661010,ABNB,2026-04-24,put,119.0,0.21,0.0,0.43,0.72070591796875,2.0,304.0
2026-04-18,US0090661010,ABNB,2026-04-24,put,120.0,0.14,0.01,0.3,0.6513706738281251,43.0,96.0
2026-04-18,US0090661010,ABNB,2026-04-24,put,121.0,0.15,0.03,0.34,0.6445348046875,34.0,41.0
2026-04-18,US0090661010,ABNB,2026-04-24,put,122.0,0.1,0.07,0.1,0.5390671093750001,3.0,41.0
2026-04-18,US0090661010,ABNB,2026-04-24,put,123.0,0.29,0.05,0.15,0.5273484765625001,20.0,102.0
2026-04-18,US0090661010,ABNB,2026-04-24,put,124.0,0.27,0.0,0.22,0.5097705273437501,26.0,24.0
2026-04-18,US0090661010,ABNB,2026-04-24,put,125.0,0.15,0.04,0.15,0.5117236328125,17.0,58.0
2026-04-18,US0090661010,ABNB,2026-04-24,put,126.0,0.15,0.1,0.23,0.5273484765625001,30.0,28.0
2026-04-18,US0090661010,ABNB,2026-04-24,put,127.0,0.15,0.0,0.3,0.5283250292968751,8.0,31.0
2026-04-18,US0090661010,ABNB,2026-04-24,put,128.0,0.21,0.15,0.25,0.47852083984375,26.0,51.0
2026-04-18,US0090661010,ABNB,2026-04-24,put,129.0,0.22,0.16,0.28,0.46094289062500005,13.0,41.0
2026-04-18,US0090661010,ABNB,2026-04-24,put,130.0,0.25,0.02,0.7,0.5537154003906251,6.0,35.0
2026-04-18,US0090661010,ABNB,2026-04-24,put,131.0,0.35,0.23,0.53,0.4760794580078125,14.0,6.0
2026-04-18,US0090661010,ABNB,2026-04-24,put,132.0,0.35,0.18,0.53,0.442388388671875,13.0,29.0
2026-04-18,US0090661010,ABNB,2026-04-24,put,133.0,0.49,0.36,0.53,0.40820904296875,4.0,33.0
2026-04-18,US0090661010,ABNB,2026-04-24,put,134.0,0.5,0.44,0.77,0.42529871582031253,7.0,14.0
2026-04-18,US0090661010,ABNB,2026-04-24,put,135.0,0.7,0.5,0.81,0.39551385742187506,84.0,43.0
2026-04-18,US0090661010,ABNB,2026-04-24,put,137.0,1.16,0.8,1.11,0.3667055517578125,4.0,9.0
2026-04-18,US0090661010,ABNB,2026-04-24,put,138.0,1.23,1.07,1.38,0.3632876171875,20.0,7.0
2026-04-18,US0090661010,ABNB,2026-04-24,put,139.0,1.55,1.32,1.65,0.3532779516601562,21.0,6.0
2026-04-18,US0090661010,ABNB,2026-04-24,put,140.0,1.75,1.75,2.11,0.362311064453125,29.0,26.0
2026-04-18,US0090661010,ABNB,2026-04-24,put,141.0,2.32,2.12,2.45,0.3481510498046875,81.0,1.0
2026-04-18,US0090661010,ABNB,2026-04-24,put,142.0,2.49,2.57,2.9,0.340826904296875,222.0,5.0
2026-04-18,US0090661010,ABNB,2026-04-24,put,143.0,3.3,3.05,3.45,0.33887379882812496,109.0,7.0
2026-04-18,US0090661010,ABNB,2026-05-01,call,119.0,16.1,22.3,24.15,0.6547886083984377,,
2026-04-18,US0090661010,ABNB,2026-05-01,call,120.0,12.18,21.45,23.2,0.6538120556640626,1.0,2.0
2026-04-18,US0090661010,ABNB,2026-05-01,call,123.0,7.94,18.45,20.3,0.5893595751953126,1.0,1.0
2026-04-18,US0090661010,ABNB,2026-05-01,call,124.0,7.75,17.5,19.3,0.569340244140625,2.0,2.0
2026-04-18,US0090661010,ABNB,2026-05-01,call,125.0,13.2,16.65,18.35,0.5625043750000001,2.0,13.0
2026-04-18,US0090661010,ABNB,2026-05-01,call,126.0,5.99,15.6,17.45,0.541264353027344,2.0,2.0
2026-04-18,US0090661010,ABNB,2026-05-01,call,127.0,5.15,14.75,16.7,0.5481002221679689,6.0,10.0
2026-04-18,US0090661010,ABNB,2026-05-01,call,128.0,11.6,13.7,15.55,0.5053760400390624,2.0,18.0
2026-04-18,US0090661010,ABNB,2026-05-01,call,129.0,7.87,12.9,14.65,0.5014698291015626,2.0,22.0
2026-04-18,US0090661010,ABNB,2026-05-01,call,130.0,12.95,12.25,13.75,0.5053760400390624,3.0,60.0
2026-04-18,US0090661010,ABNB,2026-05-01,call,131.0,3.65,11.15,12.85,0.5827678442382812,2.0,6.0
2026-04-18,US0090661010,ABNB,2026-05-01,call,132.0,5.4,10.45,12.0,0.5681195532226562,10.0,171.0
2026-04-18,US0090661010,ABNB,2026-05-01,call,133.0,10.04,9.65,10.75,0.5074512145996093,23.0,9.0
2026-04-18,US0090661010,ABNB,2026-05-01,call,134.0,9.62,8.65,9.95,0.49707534179687507,7.0,14.0
2026-04-18,US0090661010,ABNB,2026-05-01,call,135.0,8.39,8.15,8.95,0.463872548828125,20.0,46.0
2026-04-18,US0090661010,ABNB,2026-05-01,call,136.0,7.65,7.2,8.05,0.4401911450195312,17.0,258.0
2026-04-18,US0090661010,ABNB,2026-05-01,call,137.0,7.48,6.55,7.5,0.4497125341796875,13.0,23.0
2026-04-18,US0090661010,ABNB,2026-05-01,call,138.0,6.87,5.85,6.65,0.4270076831054688,9.0,233.0
2026-04-18,US0090661010,ABNB,2026-05-01,call,139.0,5.6,5.35,5.9,0.4116269775390625,12.0,40.0
2026-04-18,US0090661010,ABNB,2026-05-01,call,140.0,5.09,4.75,5.0,0.3800110827636719,110.0,302.0
2026-04-18,US0090661010,ABNB,2026-05-01,call,141.0,4.65,4.0,5.1,0.43677321044921874,15.0,11.0
2026-04-18,US0090661010,ABNB,2026-05-01,call,142.0,4.0,3.25,4.5,0.42627526855468756,37.0,11.0
2026-04-18,US0090661010,ABNB,2026-05-01,call,143.0,3.6,3.2,3.8,0.40381455566406255,12.0,10.0
2026-04-18,US0090661010,ABNB,2026-05-01,call,144.0,3.05,2.64,2.96,0.36475244628906256,22.0,10.0
2026-04-18,US0090661010,ABNB,2026-05-01,call,145.0,2.5,2.24,2.59,0.36499658447265626,38.0,197.0
2026-04-18,US0090661010,ABNB,2026-05-01,call,146.0,2.36,1.98,2.25,0.36475244628906256,3.0,3.0
2026-04-18,US0090661010,ABNB,2026-05-01,call,155.0,0.62,0.37,0.7,0.3986876538085938,19.0,15.0
2026-04-18,US0090661010,ABNB,2026-05-01,call,160.0,0.29,0.13,0.32,0.4062559375,13.0,1.0
2026-04-18,US0090661010,ABNB,2026-05-01,call,165.0,0.14,0.0,0.1,0.39160764648437496,,4.0
2026-04-18,US0090661010,ABNB,2026-05-01,put,70.0,2.11,0.0,2.13,2.2773480566406246,,1.0
2026-04-18,US0090661010,ABNB,2026-05-01,put,85.0,0.22,0.0,0.82,1.4277372363281249,,159.0
2026-04-18,US0090661010,ABNB,2026-05-01,put,100.0,0.19,0.0,0.75,1.0107471337890623,1.0,16.0
2026-04-18,US0090661010,ABNB,2026-05-01,put,105.0,0.17,0.0,0.74,0.8876964355468748,2.0,278.0
2026-04-18,US0090661010,ABNB,2026-05-01,put,110.0,0.29,0.0,0.88,0.79883013671875,26.0,27.0
2026-04-18,US0090661010,ABNB,2026-05-01,put,114.0,0.21,0.0,1.19,0.754885263671875,7.0,6.0
2026-04-18,US0090661010,ABNB,2026-05-01,put,115.0,0.39,0.0,0.15,0.5556685058593751,85.0,386.0
2026-04-18,US0090661010,ABNB,2026-05-01,put,116.0,0.31,0.0,0.95,0.6704134521484376,12.0,17.0
2026-04-18,US0090661010,ABNB,2026-05-01,put,117.0,0.28,0.0,1.15,0.676761044921875,1.0,8.0
2026-04-18,US0090661010,ABNB,2026-05-01,put,118.0,0.37,0.0,0.75,0.5927775097656252,1.0,16.0
2026-04-18,US0090661010,ABNB,2026-05-01,put,119.0,0.36,0.0,0.75,0.570316796875,2.0,37.0
2026-04-18,US0090661010,ABNB,2026-05-01,put,120.0,0.2,0.1,0.51,0.524418818359375,13.0,128.0
2026-04-18,US0090661010,ABNB,2026-05-01,put,121.0,0.39,0.05,0.67,0.5214891601562499,2.0,15.0
2026-04-18,US0090661010,ABNB,2026-05-01,put,122.0,0.55,0.02,0.76,0.508793974609375,1.0,13.0
2026-04-18,US0090661010,ABNB,2026-05-01,put,123.0,0.59,0.0,2.38,0.65820654296875,32.0,13.0
2026-04-18,US0090661010,ABNB,2026-05-01,put,124.0,0.3,0.01,0.69,0.5366257275390626,1.0,11.0
2026-04-18,US0090661010,ABNB,2026-05-01,put,125.0,0.65,0.11,0.81,0.5363815893554689,31.0,62.0
2026-04-18,US0090661010,ABNB,2026-05-01,put,126.0,0.55,0.4,0.72,0.49414568359375005,6.0,19.0
2026-04-18,US0090661010,ABNB,2026-05-01,put,127.0,0.45,0.24,0.75,0.47510290527343746,7.0,43.0
2026-04-18,US0090661010,ABNB,2026-05-01,put,128.0,0.63,0.5,0.76,0.45215391601562505,47.0,32.0
2026-04-18,US0090661010,ABNB,2026-05-01,put,129.0,0.61,0.53,0.86,0.44434149414062496,52.0,19.0
2026-04-18,US0090661010,ABNB,2026-05-01,put,130.0,0.74,0.58,0.98,0.437505625,9.0,26.0
2026-04-18,US0090661010,ABNB,2026-05-01,put,131.0,0.88,0.76,0.91,0.40039662109375,4.0,28.0
2026-04-18,US0090661010,ABNB,2026-05-01,put,132.0,0.95,0.8,1.06,0.39551385742187506,16.0,12.0
2026-04-18,US0090661010,ABNB,2026-05-08,call,113.0,15.22,28.7,31.3,0.8029804858398437,5.0,5.0
2026-04-18,US0090661010,ABNB,2026-05-08,call,114.0,14.57,27.6,30.35,0.7756370092773439,6.0,8.0
2026-04-18,US0090661010,ABNB,2026-05-08,call,115.0,14.41,26.9,29.4,0.7797873583984375,1.0,19.0
2026-04-18,US0090661010,ABNB,2026-05-08,call,116.0,13.61,25.85,28.45,0.7563500927734376,1.0,19.0
2026-04-18,US0090661010,ABNB,2026-05-08,call,117.0,17.59,24.45,27.6,0.7143583251953125,1.0,22.0
2026-04-18,US0090661010,ABNB,2026-05-08,call,118.0,16.99,23.85,26.6,0.7202176416015625,1.0,22.0
2026-04-18,US0090661010,ABNB,2026-05-08,call,120.0,10.82,22.5,24.75,0.7253445434570311,8.0,6.0
2026-04-18,US0090661010,ABNB,2026-05-08,call,123.0,9.65,19.4,21.5,0.63086306640625,1.0,1.0
2026-04-18,US0090661010,ABNB,2026-05-08,call,124.0,9.05,18.6,20.25,0.603763728027344,2.0,2.0
2026-04-18,US0090661010,ABNB,2026-05-08,call,125.0,19.66,18.0,20.35,0.6634555139160159,3.0,2.0
2026-04-18,US0090661010,ABNB,2026-05-08,call,126.0,7.2,16.85,19.5,0.637698935546875,2.0,1.0
2026-04-18,US0090661010,ABNB,2026-05-08,call,127.0,13.4,15.95,18.65,0.6245154736328126,1.0,8.0
2026-04-18,US0090661010,ABNB,2026-05-08,call,128.0,7.3,15.4,17.85,0.6301306518554688,2.0,12.0
2026-04-18,US0090661010,ABNB,2026-05-08,call,129.0,15.48,14.5,16.35,0.5839885351562499,7.0,184.0
2026-04-18,US0090661010,ABNB,2026-05-08,call,130.0,14.37,14.0,15.5,0.5875285388183593,5.0,13.0
2026-04-18,US0090661010,ABNB,2026-05-08,call,131.0,14.18,13.1,14.9,0.5825237060546875,1.0,3.0
2026-04-18,US0090661010,ABNB,2026-05-08,call,132.0,13.51,12.35,14.05,0.5717816259765626,1.0,9.0
2026-04-18,US0090661010,ABNB,2026-05-08,call,133.0,5.25,11.8,12.95,0.5577436804199221,5.0,8.0
2026-04-18,US0090661010,ABNB,2026-05-08,call,134.0,11.2,10.8,11.9,0.5261277856445312,6.0,17.0
2026-04-18,US0090661010,ABNB,2026-05-08,call,135.0,11.33,10.25,11.4,0.5349167602539062,4.0,27.0
2026-04-18,US0090661010,ABNB,2026-05-08,call,136.0,10.65,9.65,10.95,0.5416305603027345,2.0,24.0
2026-04-18,US0090661010,ABNB,2026-05-08,call,137.0,10.22,8.7,9.85,0.5073291455078125,3.0,36.0
2026-04-18,US0090661010,ABNB,2026-05-08,call,138.0,6.45,8.5,10.7,0.5758099060058592,2.0,73.0
2026-04-18,US0090661010,ABNB,2026-05-08,call,139.0,8.33,7.8,8.4,0.503056727294922,2.0,18.0
2026-04-18,US0090661010,ABNB,2026-05-08,call,140.0,7.7,7.15,7.95,0.501103621826172,98.0,208.0
2026-04-18,US0090661010,ABNB,2026-05-08,call,141.0,6.72,6.85,7.1,0.5048877636718749,1.0,13.0
2026-04-18,US0090661010,ABNB,2026-05-08,call,142.0,6.65,6.35,6.8,0.5013477600097658,10.0,19.0
2026-04-18,US0090661010,ABNB,2026-05-08,call,143.0,6.2,5.85,6.1,0.4997608618164063,5.0,11.0
2026-04-18,US0090661010,ABNB,2026-05-08,call,144.0,4.25,5.4,6.3,0.5131884619140624,16.0,22.0
2026-04-18,US0090661010,ABNB,2026-05-08,call,145.0,5.16,4.95,5.2,0.4952443054199219,60.0,77.0
2026-04-18,US0090661010,ABNB,2026-05-08,call,146.0,4.96,4.4,4.95,0.5053760400390624,1.0,24.0
2026-04-18,US0090661010,ABNB,2026-05-08,call,147.0,4.35,4.05,4.4,0.49133809448242194,7.0,160.0
2026-04-18,US0090661010,ABNB,2026-05-08,call,150.0,3.45,3.15,3.35,0.48438015625,85.0,40.0
2026-04-18,US0090661010,ABNB,2026-05-08,call,160.0,1.31,1.09,1.57,0.5148974291992188,13.0,13.0
2026-04-18,US0090661010,ABNB,2026-05-08,put,85.0,0.14,0.0,1.15,1.241703010253906,5.0,0.0
2026-04-18,US0090661010,ABNB,2026-05-08,put,90.0,0.57,0.05,0.95,1.091801416015625,10.0,10.0
2026-04-18,US0090661010,ABNB,2026-05-08,put,95.0,0.06,0.0,0.95,0.9702151416015624,1.0,11.0
2026-04-18,US0090661010,ABNB,2026-05-08,put,100.0,0.24,0.05,0.71,0.8271501660156249,2.0,321.0
2026-04-18,US0090661010,ABNB,2026-05-08,put,105.0,0.61,0.0,0.4,0.649417568359375,5.0,260.0
2026-04-18,US0090661010,ABNB,2026-05-08,put,110.0,0.35,0.23,0.48,0.6245154736328126,12.0,289.0
2026-04-18,US0090661010,ABNB,2026-05-08,put,112.0,0.56,0.12,0.8,0.6196327099609377,5.0,19.0
2026-04-18,US0090661010,ABNB,2026-05-08,put,113.0,0.48,0.29,0.74,0.6157264990234376,3.0,111.0
2026-04-18,US0090661010,ABNB,2026-05-08,put,114.0,0.57,0.2,1.15,0.6347692773437501,1.0,39.0
2026-04-18,US0090661010,ABNB,2026-05-08,put,115.0,0.5,0.46,0.7,0.5927775097656252,95.0,347.0
2026-04-18,US0090661010,ABNB,2026-05-08,put,116.0,0.88,0.15,1.09,0.5825237060546875,2.0,48.0
2026-04-18,US0090661010,ABNB,2026-05-08,put,117.0,1.01,0.24,1.3,0.5939982006835938,1.0,180.0
2026-04-18,US0090661010,ABNB,2026-05-08,put,118.0,0.98,0.44,1.09,0.5727581787109376,7.0,27.0
2026-04-18,US0090661010,ABNB,2026-05-08,put,119.0,0.72,0.63,1.1,0.5708050732421875,2.0,44.0
2026-04-18,US0090661010,ABNB,2026-05-08,put,120.0,1.05,0.6,1.27,0.5620160986328125,4.0,60.0
2026-04-18,US0090661010,ABNB,2026-05-08,put,121.0,2.04,0.88,2.02,0.6191444335937502,2.0,42.0
2026-04-18,US0090661010,ABNB,2026-05-08,put,122.0,2.17,0.98,1.79,0.5874064697265625,8.0,16.0
2026-04-18,US0090661010,ABNB,2026-05-08,put,123.0,1.47,0.97,2.06,0.5820354296875,9.0,343.0
2026-04-18,US0090661010,ABNB,2026-05-08,put,124.0,1.43,1.16,1.67,0.5461471166992189,2.0,19.0
2026-04-18,US0090661010,ABNB,2026-05-08,put,125.0,1.5,1.2,1.98,0.5454147021484376,14.0,63.0
2026-04-18,US0090661010,ABNB,2026-05-08,put,126.0,1.57,1.21,2.25,0.5388229711914063,6.0,26.0
2026-04-18,US0090661010,ABNB,2026-05-08,put,127.0,1.67,1.54,1.88,0.5127001855468749,30.0,33.0
2026-04-18,US0090661010,ABNB,2026-05-08,put,128.0,1.83,1.76,2.05,0.5105029418945313,31.0,17.0
2026-04-18,US0090661010,ABNB,2026-05-08,put,129.0,2.11,1.89,2.23,0.5024463818359376,11.0,13.0
2026-04-18,US0090661010,ABNB,2026-05-08,put,130.0,2.33,2.19,2.46,0.5041553491210937,28.0,25.0
2026-04-18,US0090661010,ABNB,2026-05-08,put,131.0,2.5,2.3,2.68,0.5119677709960937,106.0,50.0
2026-04-18,US0090661010,ABNB,2026-05-08,put,133.0,2.93,2.8,3.2,0.5040332800292968,78.0,7.0
2026-04-18,US0090661010,ABNB,2026-05-08,put,140.0,5.52,5.3,5.75,0.48242705078125003,288.0,1.0
2026-04-18,US0090661010,ABNB,2026-05-08,put,141.0,6.0,5.75,6.3,0.48633326171875,118.0,1.0
2026-04-18,US0090661010,ABNB,2026-05-15,call,65.0,67.2,75.6,78.5,1.5195336523437497,,1.0
2026-04-18,US0090661010,ABNB,2026-05-15,call,70.0,60.05,70.0,73.8,1.3066440917968747,,5.0
2026-04-18,US0090661010,ABNB,2026-05-15,call,85.0,47.6,55.7,58.4,1.0468797656250002,,1.0
2026-04-18,US0090661010,ABNB,2026-05-15,call,95.0,47.79,45.85,48.5,0.8872081591796874,2.0,1.0
2026-04-18,US0090661010,ABNB,2026-05-15,call,100.0,42.71,41.0,43.55,0.8168963623046874,4.0,190.0
2026-04-18,US0090661010,ABNB,2026-05-15,call,105.0,37.94,36.8,39.15,0.8559584716796875,3.0,6.0
2026-04-18,US0090661010,ABNB,2026-05-15,call,110.0,33.13,31.85,34.35,0.7709983837890625,2.0,19.0
2026-04-18,US0090661010,ABNB,2026-05-15,call,115.0,28.59,27.0,29.6,0.6948272705078126,5.0,31.0
2026-04-18,US0090661010,ABNB,2026-05-15,call,120.0,23.8,22.3,23.95,0.5710492114257812,4.0,63.0
2026-04-18,US0090661010,ABNB,2026-05-15,call,125.0,19.01,18.2,19.5,0.543949873046875,33.0,220.0
2026-04-18,US0090661010,ABNB,2026-05-15,call,130.0,15.5,14.25,15.35,0.5128222546386718,25.0,624.0
2026-04-18,US0090661010,ABNB,2026-05-15,call,135.0,11.53,11.15,11.95,0.5139208764648437,69.0,777.0
2026-04-18,US0090661010,ABNB,2026-05-15,call,140.0,8.4,8.1,8.3,0.48242705078125003,129.0,2580.0
2026-04-18,US0090661010,ABNB,2026-05-15,call,145.0,5.93,5.65,5.8,0.46753462158203124,166.0,1572.0
2026-04-18,US0090661010,ABNB,2026-05-15,call,150.0,3.95,3.75,3.9,0.4577690942382813,257.0,1762.0
2026-04-18,US0090661010,ABNB,2026-05-15,call,155.0,2.46,2.39,2.54,0.45227598510742195,69.0,1790.0
2026-04-18,US0090661010,ABNB,2026-05-15,call,160.0,1.6,1.52,1.62,0.4506890869140625,427.0,590.0
2026-04-18,US0090661010,ABNB,2026-05-15,call,165.0,1.0,0.86,1.13,0.4655815161132813,8.0,232.0
2026-04-18,US0090661010,ABNB,2026-05-15,call,170.0,0.7,0.52,0.65,0.4572808178710938,284.0,175.0
2026-04-18,US0090661010,ABNB,2026-05-15,call,175.0,0.35,0.11,0.47,0.47559118164062497,4.0,187.0
2026-04-18,US0090661010,ABNB,2026-05-15,call,180.0,0.09,0.04,0.34,0.49219257812500006,20.0,193.0
2026-04-18,US0090661010,ABNB,2026-05-15,call,190.0,0.07,0.0,0.22,0.5376022802734376,1.0,7.0
2026-04-18,US0090661010,ABNB,2026-05-15,put,75.0,0.13,,1.99,1.7089858300781249,,3.0
2026-04-18,US0090661010,ABNB,2026-05-15,put,80.0,0.25,0.0,1.77,1.2919957275390623,1.0,13.0
2026-04-18,US0090661010,ABNB,2026-05-15,put,85.0,0.16,0.0,0.16,0.789064609375,100.0,275.0
2026-04-18,US0090661010,ABNB,2026-05-15,put,90.0,0.7,0.0,0.23,0.74414318359375,3.0,47.0
2026-04-18,US0090661010,ABNB,2026-05-15,put,95.0,0.12,0.0,0.19,0.648441015625,10.0,655.0
2026-04-18,US0090661010,ABNB,2026-05-15,put,100.0,0.17,0.15,0.2,0.6269568554687501,8.0,655.0
2026-04-18,US0090661010,ABNB,2026-05-15,put,105.0,0.23,0.17,0.31,0.5800823242187501,2.0,602.0
2026-04-18,US0090661010,ABNB,2026-05-15,put,110.0,0.44,0.39,0.5,0.5664105859375,39.0,1495.0
2026-04-18,US0090661010,ABNB,2026-05-15,put,115.0,0.74,0.64,0.9,0.5498091894531252,35.0,963.0
2026-04-18,US0090661010,ABNB,2026-05-15,put,120.0,1.17,0.99,1.36,0.5205126074218749,19.0,1271.0
2026-04-18,US0090661010,ABNB,2026-05-15,put,125.0,1.82,1.8,1.86,0.5004932763671875,31.0,1282.0
2026-04-18,US0090661010,ABNB,2026-05-15,put,130.0,2.88,2.67,2.88,0.48291532714843755,85.0,1668.0
2026-04-18,US0090661010,ABNB,2026-05-15,put,135.0,4.15,4.05,4.4,0.4721732470703125,40.0,865.0
2026-04-18,US0090661010,ABNB,2026-05-15,put,140.0,6.1,5.95,6.4,0.4598442687988281,104.0,348.0
2026-04-18,US0090661010,ABNB,2026-05-15,put,145.0,8.58,8.4,9.1,0.4580132324218751,15.0,140.0
2026-04-18,US0090661010,ABNB,2026-05-15,put,150.0,11.78,11.45,12.2,0.44751529052734373,28.0,104.0
2026-04-18,US0090661010,ABNB,2026-05-15,put,155.0,15.5,14.95,16.05,0.45715874877929696,2.0,1.0
2026-04-18,US0090661010,ABNB,2026-05-15,put,160.0,33.89,18.45,20.1,0.45386288330078123,,2.0
2026-04-18,US0090661010,ABNB,2026-05-22,call,118.0,13.65,24.6,27.05,0.6198768481445314,1.0,1.0
2026-04-18,US0090661010,ABNB,2026-05-22,call,125.0,19.87,18.5,20.85,0.5544478149414063,1.0,2.0
2026-04-18,US0090661010,ABNB,2026-05-22,call,127.0,18.58,17.05,18.9,0.5354050366210938,2.0,25.0
2026-04-18,US0090661010,ABNB,2026-05-22,call,128.0,17.73,16.15,18.25,0.5306443420410156,1.0,26.0
2026-04-18,US0090661010,ABNB,2026-05-22,call,129.0,16.68,15.75,17.65,0.5441940112304688,4.0,3.0
2026-04-18,US0090661010,ABNB,2026-05-22,call,130.0,15.81,14.85,16.75,0.5285691674804689,4.0,11.0
2026-04-18,US0090661010,ABNB,2026-05-22,call,131.0,15.17,14.05,15.6,0.5075732836914062,1.0,22.0
2026-04-18,US0090661010,ABNB,2026-05-22,call,132.0,14.13,13.6,14.85,0.5109912182617188,1.0,24.0
2026-04-18,US0090661010,ABNB,2026-05-22,call,133.0,9.87,12.7,14.75,0.5194139855957032,1.0,15.0
2026-04-18,US0090661010,ABNB,2026-05-22,call,134.0,10.87,11.85,13.4,0.537236072998047,1.0,16.0
2026-04-18,US0090661010,ABNB,2026-05-22,call,135.0,12.72,11.5,12.9,0.5427291821289064,4.0,19.0
2026-04-18,US0090661010,ABNB,2026-05-22,call,136.0,4.75,10.8,12.4,0.5468795312500001,17.0,6.0
2026-04-18,US0090661010,ABNB,2026-05-22,call,138.0,7.89,9.65,10.65,0.507817421875,16.0,9.0
2026-04-18,US0090661010,ABNB,2026-05-22,call,139.0,7.53,9.2,10.5,0.5296677893066408,2.0,3.0
2026-04-18,US0090661010,ABNB,2026-05-22,call,140.0,9.4,8.5,9.4,0.495122236328125,6.0,24.0
2026-04-18,US0090661010,ABNB,2026-05-22,call,145.0,4.95,6.0,7.25,0.5015918981933594,2.0,123.0
2026-04-18,US0090661010,ABNB,2026-05-22,call,150.0,4.82,4.25,5.15,0.4854787780761719,28.0,131.0
2026-04-18,US0090661010,ABNB,2026-05-22,call,155.0,3.0,2.77,3.25,0.45361874511718747,11.0,76.0
2026-04-18,US0090661010,ABNB,2026-05-22,put,95.0,0.84,0.0,0.58,0.6870148486328126,,250.0
2026-04-18,US0090661010,ABNB,2026-05-22,put,100.0,0.4,0.2,0.36,0.6064492480468751,24.0,319.0
2026-04-18,US0090661010,ABNB,2026-05-22,put,105.0,1.64,0.2,0.57,0.5659223095703125,2.0,352.0
2026-04-18,US0090661010,ABNB,2026-05-22,put,110.0,0.7,0.48,0.87,0.5551802294921876,4.0,53.0
2026-04-18,US0090661010,ABNB,2026-05-22,put,112.0,2.01,0.25,2.75,0.64648791015625,1.0,29.0
2026-04-18,US0090661010,ABNB,2026-05-22,put,113.0,1.42,0.33,1.59,0.5542036767578126,250.0,52.0
2026-04-18,US0090661010,ABNB,2026-05-22,put,114.0,1.09,0.65,1.49,0.5537154003906251,1.0,15.0
2026-04-18,US0090661010,ABNB,2026-05-22,put,115.0,1.44,0.71,1.29,0.5268602001953125,252.0,18.0
2026-04-18,US0090661010,ABNB,2026-05-22,put,120.0,1.5,1.15,1.69,0.5229539892578124,3.0,10.0
2026-04-18,US0090661010,ABNB,2026-05-22,put,122.0,3.32,0.9,2.16,0.5319871020507813,10.0,10.0
2026-04-18,US0090661010,ABNB,2026-05-22,put,123.0,3.58,0.49,3.55,0.500005,10.0,6.0
2026-04-18,US0090661010,ABNB,2026-05-22,put,124.0,2.66,1.41,2.64,0.5351608984375,1.0,1.0
2026-04-18,US0090661010,ABNB,2026-05-22,put,125.0,2.22,1.72,2.73,0.5227098510742187,3.0,3.0
2026-04-18,US0090661010,ABNB,2026-05-22,put,126.0,2.61,2.11,3.15,0.5356491748046875,3.0,1.0
2026-04-18,US0090661010,ABNB,2026-05-22,put,127.0,4.67,1.9,3.9,0.5708050732421875,2.0,6.0
2026-04-18,US0090661010,ABNB,2026-05-22,put,128.0,3.6,1.51,4.15,0.5666547241210937,1.0,1.0
2026-04-18,US0090661010,ABNB,2026-05-22,put,129.0,3.77,2.48,3.35,0.48730981445312505,1.0,1.0
2026-04-18,US0090661010,ABNB,2026-05-22,put,130.0,4.18,2.55,3.65,0.4870656762695313,1.0,6.0
2026-04-18,US0090661010,ABNB,2026-05-29,call,127.0,12.32,16.55,19.6,0.5959513061523438,1.0,0.0
2026-04-18,US0090661010,ABNB,2026-05-29,call,131.0,7.92,14.45,16.0,0.5344284838867188,,1.0
2026-04-18,US0090661010,ABNB,2026-05-29,call,132.0,9.0,13.95,15.2,0.5240526110839843,6.0,4.0
2026-04-18,US0090661010,ABNB,2026-05-29,call,145.0,6.89,6.6,7.3,0.46045461425781253,1.0,105.0
2026-04-18,US0090661010,ABNB,2026-05-29,call,147.0,5.9,5.65,6.75,0.4727835925292969,10.0,154.0
2026-04-18,US0090661010,ABNB,2026-05-29,call,150.0,5.17,4.6,5.45,0.4596001306152344,18.0,81.0
2026-04-18,US0090661010,ABNB,2026-05-29,put,119.0,1.85,1.27,2.41,0.5085498364257812,250.0,6.0
2026-04-18,US0090661010,ABNB,2026-05-29,put,120.0,2.17,1.37,2.51,0.5008594836425782,4.0,12.0
2026-04-18,US0090661010,ABNB,2026-05-29,put,128.0,3.9,2.46,3.5,0.47449255981445315,10.0,8.0
2026-04-18,US0090661010,ABNB,2026-05-29,put,129.0,4.12,2.7,3.5,0.45483943603515625,11.0,4.0
2026-04-18,US0090661010,ABNB,2026-05-29,put,130.0,3.24,2.97,3.9,0.46057668334960944,1.0,13.0
2026-04-18,US0090661010,ABNB,2026-06-18,call,60.0,60.05,77.15,79.25,1.0000000000000003e-05,2.0,12.0
2026-04-18,US0090661010,ABNB,2026-06-18,call,65.0,66.8,64.75,67.85,1.0000000000000003e-05,1.0,0.0
2026-04-18,US0090661010,ABNB,2026-06-18,call,70.0,68.69,59.95,63.0,1.0000000000000003e-05,1.0,2.0
2026-04-18,US0090661010,ABNB,2026-06-18,call,75.0,53.2,41.45,43.1,1.0000000000000003e-05,2.0,39.0
2026-04-18,US0090661010,ABNB,2026-06-18,call,80.0,38.85,0.0,0.0,1.0000000000000003e-05,2.0,0.0
2026-04-18,US0090661010,ABNB,2026-06-18,call,85.0,40.75,46.0,48.7,1.0000000000000003e-05,2.0,3.0
2026-04-18,US0090661010,ABNB,2026-06-18,call,90.0,53.0,51.25,54.0,0.7460962890625,1.0,80.0
2026-04-18,US0090661010,ABNB,2026-06-18,call,95.0,26.19,0.0,0.0,1.0000000000000003e-05,2.0,0.0
2026-04-18,US0090661010,ABNB,2026-06-18,call,100.0,43.8,41.3,44.75,0.6525913647460939,4.0,47.0
2026-04-18,US0090661010,ABNB,2026-06-18,call,105.0,31.65,0.0,0.0,1.0000000000000003e-05,9.0,0.0
2026-04-18,US0090661010,ABNB,2026-06-18,call,110.0,33.91,32.7,34.95,0.5841106042480468,6.0,101.0
2026-04-18,US0090661010,ABNB,2026-06-18,call,115.0,24.64,28.6,30.15,0.5511519494628907,6.0,175.0
2026-04-18,US0090661010,ABNB,2026-06-18,call,120.0,25.0,24.0,26.65,0.5356491748046875,7.0,673.0
2026-04-18,US0090661010,ABNB,2026-06-18,call,125.0,15.5,20.2,22.45,0.5103808728027344,17.0,554.0
2026-04-18,US0090661010,ABNB,2026-06-18,call,130.0,16.82,16.3,17.55,0.48511257080078124,9.0,898.0
2026-04-18,US0090661010,ABNB,2026-06-18,call,135.0,14.5,13.2,13.9,0.4534966760253906,24.0,670.0
2026-04-18,US0090661010,ABNB,2026-06-18,call,140.0,10.65,10.35,10.65,0.42627526855468756,113.0,1826.0
2026-04-18,US0090661010,ABNB,2026-06-18,call,145.0,8.14,7.9,8.15,0.4155331884765625,350.0,1885.0
2026-04-18,US0090661010,ABNB,2026-06-18,call,150.0,6.22,5.8,6.1,0.407232490234375,104.0,1467.0
2026-04-18,US0090661010,ABNB,2026-06-18,call,155.0,4.35,4.25,4.45,0.39990834472656256,46.0,1186.0
2026-04-18,US0090661010,ABNB,2026-06-18,call,160.0,3.1,3.0,3.2,0.39539178833007815,55.0,1010.0
2026-04-18,US0090661010,ABNB,2026-06-18,call,165.0,2.18,2.13,2.24,0.39063109375,31.0,1126.0
2026-04-18,US0090661010,ABNB,2026-06-18,call,170.0,1.56,1.47,1.71,0.3996642065429688,19.0,1068.0
2026-04-18,US0090661010,ABNB,2026-06-18,call,175.0,1.01,0.92,1.26,0.40418076293945315,2.0,659.0
2026-04-18,US0090661010,ABNB,2026-06-18,call,180.0,0.66,0.61,0.88,0.4035704174804688,22.0,744.0
2026-04-18,US0090661010,ABNB,2026-06-18,call,185.0,0.14,0.43,0.6,0.40210558837890625,2.0,232.0
2026-04-18,US0090661010,ABNB,2026-06-18,call,190.0,0.13,0.05,0.44,0.407232490234375,8.0,303.0
2026-04-18,US0090661010,ABNB,2026-06-18,call,195.0,0.13,0.0,0.55,0.45386288330078123,6.0,247.0
2026-04-18,US0090661010,ABNB,2026-06-18,call,200.0,0.11,0.0,0.94,0.5366257275390626,1.0,257.0
2026-04-18,US0090661010,ABNB,2026-06-18,call,210.0,0.25,0.0,0.0,0.2500075,4.0,0.0
2026-04-18,US0090661010,ABNB,2026-06-18,put,55.0,0.12,0.0,0.4,1.056645341796875,1.0,61.0
2026-04-18,US0090661010,ABNB,2026-06-18,put,60.0,0.03,0.01,0.15,0.85742330078125,1.0,17.0
2026-04-18,US0090661010,ABNB,2026-06-18,put,65.0,0.52,0.0,0.0,0.500005,100.0,0.0
2026-04-18,US0090661010,ABNB,2026-06-18,put,70.0,0.11,0.0,0.29,0.7695335546875001,1.0,0.0
2026-04-18,US0090661010,ABNB,2026-06-18,put,75.0,0.33,0.0,0.0,0.2500075,1.0,0.0
2026-04-18,US0090661010,ABNB,2026-06-18,put,80.0,0.11,0.1,0.23,0.648441015625,2.0,187.0
2026-04-18,US0090661010,ABNB,2026-06-18,put,85.0,0.2,0.01,0.32,0.585941640625,1.0,1324.0
2026-04-18,US0090661010,ABNB,2026-06-18,put,90.0,0.66,0.08,0.53,0.5810588769531251,2.0,380.0
2026-04-18,US0090661010,ABNB,2026-06-18,put,95.0,0.37,0.32,0.55,0.5551802294921876,1.0,1993.0
2026-04-18,US0090661010,ABNB,2026-06-18,put,100.0,0.5,0.4,0.88,0.5346726220703125,29.0,2614.0
2026-04-18,US0090661010,ABNB,2026-06-18,put,105.0,0.81,0.43,0.79,0.4953663745117188,1.0,1444.0
2026-04-18,US0090661010,ABNB,2026-06-18,put,110.0,1.07,0.84,1.33,0.49597671997070314,61.0,1846.0
2026-04-18,US0090661010,ABNB,2026-06-18,put,115.0,1.57,1.5,1.7,0.4626518579101563,111.0,1427.0
2026-04-18,US0090661010,ABNB,2026-06-18,put,120.0,2.25,2.1,2.42,0.4470270141601562,53.0,1493.0
2026-04-18,US0090661010,ABNB,2026-06-18,put,125.0,3.2,3.1,3.3,0.4270076831054688,4.0,2311.0
2026-04-18,US0090661010,ABNB,2026-06-18,put,130.0,4.13,4.3,4.5,0.4100400793457031,8.0,1020.0
2026-04-18,US0090661010,ABNB,2026-06-18,put,135.0,6.0,5.95,6.15,0.3986266192626954,32.0,1144.0
2026-04-18,US0090661010,ABNB,2026-06-18,put,140.0,7.92,7.95,8.2,0.38733522827148437,148.0,454.0
2026-04-18,US0090661010,ABNB,2026-06-18,put,145.0,10.4,10.3,10.7,0.37695935546875,40.0,505.0
2026-04-18,US0090661010,ABNB,2026-06-18,put,150.0,12.95,13.3,13.65,0.3670717590332031,99.0,527.0
2026-04-18,US0090661010,ABNB,2026-06-18,put,155.0,39.15,0.0,0.0,1.0000000000000003e-05,3.0,0.0
2026-04-18,US0090661010,ABNB,2026-06-18,put,160.0,20.36,20.05,21.1,0.36524072265625,2.0,29.0
2026-04-18,US0090661010,ABNB,2026-06-18,put,165.0,45.4,39.3,42.8,1.113590857849121,2.0,2.0
2026-04-18,US0090661010,ABNB,2026-06-18,put,170.0,47.45,50.9,54.2,1.4536160131835936,2.0,2.0
2026-04-18,US0090661010,ABNB,2026-06-18,put,175.0,54.85,53.35,55.8,1.3824493768310544,7.0,7.0
2026-04-18,US0090661010,ABNB,2026-06-18,put,200.0,71.0,77.4,79.45,1.575075366821289,1.0,0.0
2026-04-18,US0090661010,ABNB,2026-07-17,call,60.0,53.87,77.3,81.05,1.0000000000000003e-05,,1.0
2026-04-18,US0090661010,ABNB,2026-07-17,call,70.0,61.09,71.2,74.4,0.9248054394531251,1.0,10.0
2026-04-18,US0090661010,ABNB,2026-07-17,call,75.0,57.5,58.5,61.4,1.0000000000000003e-05,1.0,3.0
2026-04-18,US0090661010,ABNB,2026-07-17,call,80.0,49.4,61.1,64.15,0.747072841796875,2.0,3.0
2026-04-18,US0090661010,ABNB,2026-07-17,call,90.0,54.31,52.2,54.55,0.70312796875,1.0,3.0
2026-04-18,US0090661010,ABNB,2026-07-17,call,95.0,37.22,47.3,50.1,0.6660189648437502,2.0,13.0
2026-04-18,US0090661010,ABNB,2026-07-17,call,100.0,34.73,0.0,0.0,1.0000000000000003e-05,1.0,0.0
2026-04-18,US0090661010,ABNB,2026-07-17,call,105.0,26.25,38.05,40.75,0.5867961242675781,1.0,17.0
2026-04-18,US0090661010,ABNB,2026-07-17,call,110.0,34.95,33.5,36.2,0.5493209130859377,1.0,34.0
2026-04-18,US0090661010,ABNB,2026-07-17,call,115.0,26.29,29.55,31.95,0.5327805511474608,8.0,27.0
2026-04-18,US0090661010,ABNB,2026-07-17,call,120.0,23.15,25.05,26.6,0.5053150054931641,5.0,159.0
2026-04-18,US0090661010,ABNB,2026-07-17,call,125.0,22.76,21.05,23.8,0.5293015820312501,2.0,81.0
2026-04-18,US0090661010,ABNB,2026-07-17,call,130.0,19.2,17.6,19.85,0.4926198199462891,11.0,294.0
2026-04-18,US0090661010,ABNB,2026-07-17,call,135.0,15.29,14.65,16.0,0.4530694342041016,1.0,302.0
2026-04-18,US0090661010,ABNB,2026-07-17,call,140.0,12.1,11.95,12.35,0.4128476684570312,56.0,499.0
2026-04-18,US0090661010,ABNB,2026-07-17,call,145.0,9.62,9.1,9.8,0.40155627746582034,29.0,128.0
2026-04-18,US0090661010,ABNB,2026-07-17,call,150.0,7.58,7.35,7.65,0.39258419921875,79.0,396.0
2026-04-18,US0090661010,ABNB,2026-07-17,call,155.0,6.25,5.55,5.95,0.38812867736816403,7.0,208.0
2026-04-18,US0090661010,ABNB,2026-07-17,call,160.0,4.4,4.2,4.5,0.38172005004882803,22.0,219.0
2026-04-18,US0090661010,ABNB,2026-07-17,call,165.0,3.35,3.15,3.5,0.383245913696289,11.0,116.0
2026-04-18,US0090661010,ABNB,2026-07-17,call,170.0,0.9,2.3,2.57,0.37781383911132804,3.0,69.0
2026-04-18,US0090661010,ABNB,2026-07-17,call,175.0,1.91,1.67,2.15,0.39050902465820314,2.0,22.0
2026-04-18,US0090661010,ABNB,2026-07-17,call,180.0,1.37,1.15,1.6,0.3885559191894531,1.0,23.0
2026-04-18,US0090661010,ABNB,2026-07-17,call,185.0,0.9,0.83,1.15,0.3845276391601562,1.0,29.0
2026-04-18,US0090661010,ABNB,2026-07-17,call,190.0,1.0,0.0,1.41,0.4331111376953125,1.0,3.0
2026-04-18,US0090661010,ABNB,2026-07-17,call,195.0,0.11,0.44,0.75,0.3986876538085938,9.0,10.0
2026-04-18,US0090661010,ABNB,2026-07-17,call,200.0,0.31,0.3,0.62,0.4067442138671875,2.0,13.0
2026-04-18,US0090661010,ABNB,2026-07-17,put,60.0,0.18,0.07,0.63,0.8676771044921875,10.0,30.0
2026-04-18,US0090661010,ABNB,2026-07-17,put,65.0,0.57,0.06,0.63,0.7919942675781251,10.0,10.0
2026-04-18,US0090661010,ABNB,2026-07-17,put,70.0,0.11,0.0,0.27,0.629886513671875,2.0,28.0
2026-04-18,US0090661010,ABNB,2026-07-17,put,75.0,0.16,0.02,0.31,0.5888712988281251,2.0,9.0
2026-04-18,US0090661010,ABNB,2026-07-17,put,80.0,0.22,0.0,0.36,0.5419967675781252,1.0,26.0
2026-04-18,US0090661010,ABNB,2026-07-17,put,85.0,0.41,0.15,0.46,0.532231240234375,2.0,168.0
2026-04-18,US0090661010,ABNB,2026-07-17,put,90.0,0.51,0.27,0.69,0.5205126074218749,1.0,273.0
2026-04-18,US0090661010,ABNB,2026-07-17,put,95.0,0.8,0.3,0.8,0.5190477783203125,4.0,190.0
2026-04-18,US0090661010,ABNB,2026-07-17,put,100.0,0.81,0.67,1.01,0.48950705810546885,1.0,130.0
2026-04-18,US0090661010,ABNB,2026-07-17,put,105.0,1.12,0.98,1.43,0.4753470434570312,5.0,104.0
2026-04-18,US0090661010,ABNB,2026-07-17,put,110.0,1.62,1.24,2.0,0.46252978881835943,1.0,502.0
2026-04-18,US0090661010,ABNB,2026-07-17,put,115.0,2.72,1.8,2.43,0.43079182495117196,13.0,89.0
2026-04-18,US0090661010,ABNB,2026-07-17,put,120.0,2.91,2.94,3.15,0.40955180297851557,31.0,226.0
2026-04-18,US0090661010,ABNB,2026-07-17,put,125.0,4.02,4.0,4.2,0.395086615600586,11.0,153.0
2026-04-18,US0090661010,ABNB,2026-07-17,put,130.0,6.3,5.3,5.65,0.38623660644531244,2.0,100.0
2026-04-18,US0090661010,ABNB,2026-07-17,put,135.0,7.75,6.95,7.3,0.37256486816406253,5.0,111.0
2026-04-18,US0090661010,ABNB,2026-07-17,put,140.0,9.1,9.0,9.45,0.3645083081054688,49.0,43.0
2026-04-18,US0090661010,ABNB,2026-07-17,put,145.0,11.75,11.4,11.85,0.351996226196289,27.0,53.0
2026-04-18,US0090661010,ABNB,2026-09-18,call,60.0,74.25,73.55,77.7,1.0000000000000003e-05,1.0,3.0
2026-04-18,US0090661010,ABNB,2026-09-18,call,70.0,57.97,57.2,60.45,1.0000000000000003e-05,1.0,6.0
2026-04-18,US0090661010,ABNB,2026-09-18,call,75.0,47.4,63.7,66.4,1.0000000000000003e-05,2.0,1.0
2026-04-18,US0090661010,ABNB,2026-09-18,call,80.0,49.38,63.2,65.55,0.7348659326171875,5.0,21.0
2026-04-18,US0090661010,ABNB,2026-09-18,call,85.0,36.99,0.0,0.0,1.0000000000000003e-05,2.0,0.0
2026-04-18,US0090661010,ABNB,2026-09-18,call,90.0,42.1,53.35,56.2,0.63867548828125,1.0,45.0
2026-04-18,US0090661010,ABNB,2026-09-18,call,95.0,36.43,48.9,51.7,0.6107216662597659,5.0,27.0
2026-04-18,US0090661010,ABNB,2026-09-18,call,100.0,30.35,44.65,47.15,0.5837443969726561,1.0,49.0
2026-04-18,US0090661010,ABNB,2026-09-18,call,105.0,34.1,0.0,0.0,1.0000000000000003e-05,1.0,0.0
2026-04-18,US0090661010,ABNB,2026-09-18,call,110.0,37.18,36.05,38.65,0.5316208947753907,2.0,0.0
2026-04-18,US0090661010,ABNB,2026-09-18,call,115.0,33.6,32.15,34.55,0.5109912182617188,1.0,55.0
2026-04-18,US0090661010,ABNB,2026-09-18,call,120.0,29.82,28.15,30.85,0.5369919348144532,2.0,130.0
2026-04-18,US0090661010,ABNB,2026-09-18,call,125.0,26.09,24.9,26.55,0.4951832708740235,1.0,542.0
2026-04-18,US0090661010,ABNB,2026-09-18,call,130.0,21.9,21.75,22.5,0.45856254333496105,6.0,549.0
2026-04-18,US0090661010,ABNB,2026-09-18,call,135.0,19.45,18.4,20.2,0.46845013977050787,2.0,481.0
2026-04-18,US0090661010,ABNB,2026-09-18,call,140.0,16.22,15.7,16.3,0.4265194067382813,15.0,658.0
2026-04-18,US0090661010,ABNB,2026-09-18,call,145.0,13.72,13.5,13.8,0.4177304321289062,11.0,387.0
2026-04-18,US0090661010,ABNB,2026-09-18,call,150.0,11.59,11.3,11.55,0.4091245611572265,50.0,1727.0
2026-04-18,US0090661010,ABNB,2026-09-18,call,155.0,9.58,9.35,9.7,0.40491317749023437,3.0,260.0
2026-04-18,US0090661010,ABNB,2026-09-18,call,160.0,7.9,7.55,8.05,0.399969379272461,24.0,1721.0
2026-04-18,US0090661010,ABNB,2026-09-18,call,165.0,6.6,6.35,6.7,0.39765006652832036,11.0,598.0
2026-04-18,US0090661010,ABNB,2026-09-18,call,170.0,5.35,5.2,5.55,0.39563592651367196,58.0,413.0
2026-04-18,US0090661010,ABNB,2026-09-18,call,175.0,4.4,4.3,4.55,0.39301144104003904,15.0,276.0
2026-04-18,US0090661010,ABNB,2026-09-18,call,180.0,3.6,3.5,3.7,0.390203851928711,8.0,266.0
2026-04-18,US0090661010,ABNB,2026-09-18,call,185.0,2.9,2.81,3.1,0.3922179919433594,1.0,429.0
2026-04-18,US0090661010,ABNB,2026-09-18,call,190.0,2.36,2.16,2.55,0.3920959228515625,7.0,122.0
2026-04-18,US0090661010,ABNB,2026-09-18,call,195.0,1.88,1.77,2.04,0.3892883337402344,2.0,23.0
2026-04-18,US0090661010,ABNB,2026-09-18,call,200.0,1.5,1.42,1.73,0.3929504064941406,2.0,140.0
2026-04-18,US0090661010,ABNB,2026-09-18,call,210.0,0.98,0.92,1.07,0.3864807446289062,2.0,40.0
2026-04-18,US0090661010,ABNB,2026-09-18,put,60.0,0.02,0.0,0.28,0.5839885351562499,5.0,136.0
2026-04-18,US0090661010,ABNB,2026-09-18,put,65.0,0.21,0.1,0.39,0.577152666015625,1.0,46.0
2026-04-18,US0090661010,ABNB,2026-09-18,put,70.0,0.39,0.2,0.47,0.5537154003906251,2.0,21.0
2026-04-18,US0090661010,ABNB,2026-09-18,put,75.0,0.5,0.41,0.59,0.5407760766601564,2.0,95.0
2026-04-18,US0090661010,ABNB,2026-09-18,put,80.0,0.58,0.58,0.71,0.516606396484375,5.0,61.0
2026-04-18,US0090661010,ABNB,2026-09-18,put,85.0,1.02,0.68,1.13,0.5031787963867188,58.0,357.0
2026-04-18,US0090661010,ABNB,2026-09-18,put,90.0,1.3,0.68,1.52,0.5153857055664062,2.0,1352.0
2026-04-18,US0090661010,ABNB,2026-09-18,put,95.0,1.76,1.22,1.54,0.4670463452148438,2.0,100.0
2026-04-18,US0090661010,ABNB,2026-09-18,put,100.0,1.9,1.84,2.11,0.4585015087890626,2.0,1317.0
2026-04-18,US0090661010,ABNB,2026-09-18,put,105.0,2.5,2.34,2.51,0.4325007922363281,29.0,536.0
2026-04-18,US0090661010,ABNB,2026-09-18,put,110.0,3.2,3.15,3.25,0.4200497448730469,38.0,645.0
2026-04-18,US0090661010,ABNB,2026-09-18,put,115.0,6.6,3.8,4.5,0.42200285034179685,24.0,831.0
2026-04-18,US0090661010,ABNB,2026-09-18,put,120.0,5.19,5.1,5.4,0.40143420837402344,23.0,889.0
2026-04-18,US0090661010,ABNB,2026-09-18,put,125.0,6.25,6.45,6.85,0.3939269592285156,1.0,321.0
2026-04-18,US0090661010,ABNB,2026-09-18,put,130.0,8.2,8.05,8.4,0.38184211914062494,4.0,480.0
2026-04-18,US0090661010,ABNB,2026-09-18,put,135.0,10.2,9.9,10.35,0.3742128009033203,11.0,230.0
2026-04-18,US0090661010,ABNB,2026-09-18,put,140.0,12.25,12.0,12.4,0.3617007189941406,2.0,223.0
2026-04-18,US0090661010,ABNB,2026-09-18,put,145.0,24.94,14.25,15.1,0.35925933715820313,1.0,71.0
2026-04-18,US0090661010,ABNB,2026-09-18,put,150.0,17.27,17.15,17.85,0.35028725891113277,14.0,208.0
2026-04-18,US0090661010,ABNB,2026-09-18,put,155.0,27.8,0.0,0.0,1.0000000000000003e-05,1.0,0.0
2026-04-18,US0090661010,ABNB,2026-09-18,put,160.0,30.95,0.0,0.0,1.0000000000000003e-05,1.0,0.0
2026-04-18,US0090661010,ABNB,2026-09-18,put,165.0,33.07,26.3,28.05,0.3319158605957031,2.0,1.0
2026-04-18,US0090661010,ABNB,2026-09-18,put,170.0,38.6,0.0,0.0,1.0000000000000003e-05,1.0,0.0
2026-04-18,US0090661010,ABNB,2026-09-18,put,175.0,38.2,51.7,52.35,0.8072834213256835,1.0,6.0
2026-04-18,US0090661010,ABNB,2026-09-18,put,180.0,51.27,38.1,40.4,0.3165961895751953,1.0,1.0
2026-04-18,US0090661010,ABNB,2026-09-18,put,185.0,60.8,42.55,44.95,0.31677929321289056,1.0,1.0
2026-04-18,US0090661010,ABNB,2026-10-16,call,70.0,65.35,71.7,75.65,0.743166630859375,1.0,0.0
2026-04-18,US0090661010,ABNB,2026-10-16,call,105.0,42.38,41.1,43.8,0.5481612567138674,1.0,1.0
2026-04-18,US0090661010,ABNB,2026-10-16,call,120.0,24.45,29.35,31.85,0.5246629565429688,1.0,0.0
2026-04-18,US0090661010,ABNB,2026-10-16,call,125.0,17.3,25.95,28.25,0.5047046600341796,9.0,191.0
2026-04-18,US0090661010,ABNB,2026-10-16,call,130.0,15.5,22.45,25.05,0.49182637084960945,11.0,44.0
2026-04-18,US0090661010,ABNB,2026-10-16,call,135.0,18.35,19.95,21.85,0.4743094561767578,1.0,19.0
2026-04-18,US0090661010,ABNB,2026-10-16,call,140.0,15.15,17.15,17.75,0.4293269958496094,1.0,6.0
2026-04-18,US0090661010,ABNB,2026-10-16,call,145.0,15.14,14.55,15.2,0.4194393994140625,4.0,110.0
2026-04-18,US0090661010,ABNB,2026-10-16,call,150.0,10.2,12.3,12.95,0.41153542572021484,1.0,715.0
2026-04-18,US0090661010,ABNB,2026-10-16,call,155.0,10.92,10.35,11.0,0.40570662658691403,2.0,21.0
2026-04-18,US0090661010,ABNB,2026-10-16,call,160.0,9.24,8.8,9.3,0.4008848974609375,7.0,15.0
2026-04-18,US0090661010,ABNB,2026-10-16,call,165.0,7.87,7.3,7.8,0.39609368560791025,6.0,94.0
2026-04-18,US0090661010,ABNB,2026-10-16,call,170.0,6.14,6.05,6.6,0.39453730468750003,1.0,35.0
2026-04-18,US0090661010,ABNB,2026-10-16,call,175.0,5.38,4.95,5.45,0.3897155755615235,1.0,40.0
2026-04-18,US0090661010,ABNB,2026-10-16,call,180.0,2.82,4.05,4.5,0.386175571899414,12.0,25.0
2026-04-18,US0090661010,ABNB,2026-10-16,call,185.0,1.87,3.1,3.95,0.392034888305664,1.0,2.0
2026-04-18,US0090661010,ABNB,2026-10-16,call,200.0,1.44,1.33,2.3,0.38977661010742193,1.0,2.0
2026-04-18,US0090661010,ABNB,2026-10-16,put,70.0,1.27,0.11,0.68,0.523442265625,2.0,7.0
2026-04-18,US0090661010,ABNB,2026-10-16,put,80.0,1.38,0.52,1.04,0.5246629565429688,11.0,26.0
2026-04-18,US0090661010,ABNB,2026-10-16,put,85.0,1.45,0.94,1.47,0.5178270874023438,10.0,40.0
2026-04-18,US0090661010,ABNB,2026-10-16,put,90.0,1.55,1.13,1.71,0.4887746435546876,1.0,65.0
2026-04-18,US0090661010,ABNB,2026-10-16,put,95.0,3.25,1.64,2.18,0.4730277307128906,1.0,1.0
2026-04-18,US0090661010,ABNB,2026-10-16,put,100.0,2.84,2.13,2.77,0.45898978515625005,5.0,26.0
2026-04-18,US0090661010,ABNB,2026-10-16,put,105.0,2.91,2.7,3.35,0.4391535577392578,1.0,22.0
2026-04-18,US0090661010,ABNB,2026-10-16,put,110.0,3.7,3.6,4.0,0.41834077758789057,3.0,9.0
2026-04-18,US0090661010,ABNB,2026-10-16,put,115.0,4.7,4.65,5.15,0.41211525390625,3.0,20.0
2026-04-18,US0090661010,ABNB,2026-10-16,put,120.0,5.9,5.85,6.25,0.39740592834472654,6.0,63.0
2026-04-18,US0090661010,ABNB,2026-10-16,put,125.0,7.35,7.3,7.65,0.3864197100830078,2.0,30.0
2026-04-18,US0090661010,ABNB,2026-10-16,put,130.0,9.05,8.85,9.35,0.3777528045654296,2.0,20.0
2026-04-18,US0090661010,ABNB,2026-10-16,put,135.0,11.0,10.8,11.25,0.3679262426757813,1.0,33.0
2026-04-18,US0090661010,ABNB,2026-10-16,put,140.0,13.95,12.5,13.4,0.35816071533203125,1.0,14.0
2026-04-18,US0090661010,ABNB,2026-10-16,put,145.0,25.2,14.85,15.9,0.35053139709472647,1.0,3.0
2026-04-18,US0090661010,ABNB,2026-10-16,put,150.0,26.1,17.55,18.65,0.3424748370361328,,2.0
2026-04-18,US0090661010,ABNB,2026-12-18,call,55.0,85.88,71.8,72.95,1.0000000000000003e-05,,1.0
2026-04-18,US0090661010,ABNB,2026-12-18,call,60.0,68.85,0.0,0.0,1.0000000000000003e-05,4.0,0.0
2026-04-18,US0090661010,ABNB,2026-12-18,call,65.0,59.45,52.3,55.15,1.0000000000000003e-05,3.0,21.0
2026-04-18,US0090661010,ABNB,2026-12-18,call,70.0,57.65,58.85,61.8,1.0000000000000003e-05,14.0,27.0
2026-04-18,US0090661010,ABNB,2026-12-18,call,75.0,69.35,69.4,71.0,0.6859162268066408,1.0,7.0
2026-04-18,US0090661010,ABNB,2026-12-18,call,80.0,44.42,0.0,0.0,1.0000000000000003e-05,7.0,0.0
2026-04-18,US0090661010,ABNB,2026-12-18,call,85.0,48.82,60.0,62.0,0.6167640863037109,4.0,31.0
2026-04-18,US0090661010,ABNB,2026-12-18,call,90.0,53.16,55.6,57.6,0.5908244042968751,1.0,63.0
2026-04-18,US0090661010,ABNB,2026-12-18,call,95.0,49.24,51.6,53.3,0.5730633514404297,2.0,18.0
2026-04-18,US0090661010,ABNB,2026-12-18,call,100.0,38.1,47.4,48.55,0.5407760766601564,3.0,393.0
2026-04-18,US0090661010,ABNB,2026-12-18,call,105.0,33.14,43.1,45.15,0.528447098388672,2.0,36.0
2026-04-18,US0090661010,ABNB,2026-12-18,call,110.0,40.0,39.7,40.8,0.5116015637207032,6.0,101.0
2026-04-18,US0090661010,ABNB,2026-12-18,call,115.0,30.85,36.05,37.6,0.5043384527587891,4.0,276.0
2026-04-18,US0090661010,ABNB,2026-12-18,call,120.0,27.06,32.5,34.1,0.5109912182617188,1.0,295.0
2026-04-18,US0090661010,ABNB,2026-12-18,call,125.0,29.42,29.25,30.6,0.4930470617675782,1.0,177.0
2026-04-18,US0090661010,ABNB,2026-12-18,call,130.0,23.07,25.75,27.75,0.4874929180908204,25.0,223.0
2026-04-18,US0090661010,ABNB,2026-12-18,call,135.0,23.65,23.15,24.1,0.4598442687988281,3.0,1315.0
2026-04-18,US0090661010,ABNB,2026-12-18,call,140.0,19.83,20.6,22.05,0.4649101361083985,2.0,309.0
2026-04-18,US0090661010,ABNB,2026-12-18,call,145.0,17.59,17.9,19.55,0.4559380578613281,1.0,315.0
2026-04-18,US0090661010,ABNB,2026-12-18,call,150.0,16.5,15.85,16.7,0.4357356231689453,113.0,835.0
2026-04-18,US0090661010,ABNB,2026-12-18,call,155.0,14.25,13.6,14.5,0.4259395785522462,3.0,170.0
2026-04-18,US0090661010,ABNB,2026-12-18,call,160.0,12.46,11.85,13.3,0.43420975952148444,14.0,608.0
2026-04-18,US0090661010,ABNB,2026-12-18,call,165.0,10.94,10.3,11.15,0.41809663940429687,90.0,428.0
2026-04-18,US0090661010,ABNB,2026-12-18,call,170.0,9.02,8.45,9.9,0.41855439849853515,1.0,288.0
2026-04-18,US0090661010,ABNB,2026-12-18,call,175.0,8.07,7.55,8.6,0.41464818756103516,12.0,209.0
2026-04-18,US0090661010,ABNB,2026-12-18,call,180.0,6.91,6.45,7.05,0.4010069665527344,18.0,203.0
2026-04-18,US0090661010,ABNB,2026-12-18,call,185.0,5.5,5.5,6.05,0.3975890319824219,10.0,116.0
2026-04-18,US0090661010,ABNB,2026-12-18,call,190.0,5.0,4.65,5.2,0.395086615600586,1.0,217.0
2026-04-18,US0090661010,ABNB,2026-12-18,call,195.0,2.31,4.0,4.75,0.40161731201171874,18.0,70.0
2026-04-18,US0090661010,ABNB,2026-12-18,call,200.0,2.7,2.97,4.0,0.3967345483398438,30.0,647.0
2026-04-18,US0090661010,ABNB,2026-12-18,call,210.0,2.68,2.45,2.88,0.3909973010253906,20.0,895.0
2026-04-18,US0090661010,ABNB,2026-12-18,call,220.0,1.25,1.47,2.28,0.39624627197265627,1.0,204.0
2026-04-18,US0090661010,ABNB,2026-12-18,call,230.0,1.1,0.8,1.8,0.40039662109375,2.0,370.0
2026-04-18,US0090661010,ABNB,2026-12-18,call,240.0,0.92,0.73,1.21,0.39087523193359375,3.0,197.0
2026-04-18,US0090661010,ABNB,2026-12-18,call,250.0,0.73,0.64,0.82,0.3839172937011719,1.0,426.0
2026-04-18,US0090661010,ABNB,2026-12-18,put,55.0,0.64,0.0,0.0,0.2500075,1.0,0.0
2026-04-18,US0090661010,ABNB,2026-12-18,put,60.0,0.56,0.12,0.64,0.5358933129882812,2.0,503.0
2026-04-18,US0090661010,ABNB,2026-12-18,put,65.0,0.8,0.46,0.83,0.5378464184570313,2.0,229.0
2026-04-18,US0090661010,ABNB,2026-12-18,put,70.0,0.89,0.71,1.11,0.5268602001953125,2.0,370.0
2026-04-18,US0090661010,ABNB,2026-12-18,put,75.0,1.12,0.89,1.37,0.5046436254882812,2.0,133.0
2026-04-18,US0090661010,ABNB,2026-12-18,put,80.0,1.41,1.27,1.6,0.5001270690917969,2.0,593.0
2026-04-18,US0090661010,ABNB,2026-12-18,put,85.0,1.8,1.64,1.9,0.4766898034667969,16.0,978.0
2026-04-18,US0090661010,ABNB,2026-12-18,put,90.0,2.23,1.97,2.4,0.46289599609375004,2.0,609.0
2026-04-18,US0090661010,ABNB,2026-12-18,put,95.0,4.52,2.46,3.05,0.45203184692382814,10.0,792.0
2026-04-18,US0090661010,ABNB,2026-12-18,put,100.0,3.6,3.4,3.7,0.4364070031738281,3.0,1758.0
2026-04-18,US0090661010,ABNB,2026-12-18,put,105.0,4.32,4.15,4.65,0.4283504431152344,1.0,620.0
2026-04-18,US0090661010,ABNB,2026-12-18,put,110.0,6.05,4.95,5.7,0.418401812133789,43.0,3828.0
2026-04-18,US0090661010,ABNB,2026-12-18,put,115.0,7.5,6.1,7.2,0.4170590521240234,5.0,558.0
2026-04-18,US0090661010,ABNB,2026-12-18,put,120.0,9.05,7.5,8.95,0.4165097412109374,11.0,733.0
2026-04-18,US0090661010,ABNB,2026-12-18,put,125.0,10.75,8.95,10.25,0.3990233438110352,5.0,592.0
2026-04-18,US0090661010,ABNB,2026-12-18,put,130.0,16.2,11.1,12.65,0.4039976593017578,2.0,427.0
2026-04-18,US0090661010,ABNB,2026-12-18,put,135.0,14.75,13.15,14.7,0.39539178833007815,11.0,1348.0
2026-04-18,US0090661010,ABNB,2026-12-18,put,140.0,19.0,15.25,16.8,0.3834290173339844,7.0,470.0
2026-04-18,US0090661010,ABNB,2026-12-18,put,145.0,26.76,17.05,19.3,0.3757691818237304,14.0,51.0
2026-04-18,US0090661010,ABNB,2026-12-18,put,150.0,21.0,20.45,21.45,0.35596347167968745,1.0,39.0
2026-04-18,US0090661010,ABNB,2026-12-18,put,155.0,31.22,23.05,24.3,0.34656415161132803,1.0,18.0
2026-04-18,US0090661010,ABNB,2026-12-18,put,160.0,41.75,36.3,39.1,0.5637861004638673,1.0,37.0
2026-04-18,US0090661010,ABNB,2026-12-18,put,165.0,48.27,50.65,52.45,0.7875997802734375,1.0,10.0
2026-04-18,US0090661010,ABNB,2026-12-18,put,170.0,54.85,0.0,0.0,1.0000000000000003e-05,2.0,0.0
2026-04-18,US0090661010,ABNB,2026-12-18,put,175.0,53.54,36.25,38.25,0.31873239868164055,1.0,9.0
2026-04-18,US0090661010,ABNB,2026-12-18,put,180.0,46.8,49.5,53.0,0.5382736602783205,14.0,31.0
2026-04-18,US0090661010,ABNB,2026-12-18,put,185.0,51.8,0.0,0.0,1.0000000000000003e-05,3.0,0.0
2026-04-18,US0090661010,ABNB,2026-12-18,put,190.0,65.56,58.5,62.0,0.5629621340942383,2.0,3.0
2026-04-18,US0090661010,ABNB,2026-12-18,put,195.0,78.85,0.0,0.0,1.0000000000000003e-05,,0.0
2026-04-18,US0090661010,ABNB,2026-12-18,put,200.0,63.62,68.0,71.65,0.5959513061523438,4.0,5.0
2026-04-18,US0090661010,ABNB,2026-12-18,put,220.0,99.47,91.5,96.5,0.7716087292480469,4.0,15.0
2026-04-18,US0090661010,ABNB,2026-12-18,put,240.0,112.37,96.35,99.8,0.4007628283691406,1.0,0.0
2026-04-18,US0090661010,ABNB,2026-12-18,put,250.0,122.35,107.25,109.6,0.4102842175292969,1.0,8.0
2026-04-18,US0090661010,ABNB,2027-01-15,call,55.0,64.45,0.0,0.0,1.0000000000000003e-05,4.0,0.0
2026-04-18,US0090661010,ABNB,2027-01-15,call,60.0,78.0,0.0,0.0,1.0000000000000003e-05,2.0,0.0
2026-04-18,US0090661010,ABNB,2027-01-15,call,65.0,77.0,78.6,81.25,0.7500025,5.0,22.0
2026-04-18,US0090661010,ABNB,2027-01-15,call,70.0,62.66,73.85,76.65,0.7095976306152343,1.0,27.0
2026-04-18,US0090661010,ABNB,2027-01-15,call,75.0,58.55,58.05,61.25,1.0000000000000003e-05,2.0,26.0
2026-04-18,US0090661010,ABNB,2027-01-15,call,80.0,62.5,0.0,0.0,1.0000000000000003e-05,1.0,0.0
2026-04-18,US0090661010,ABNB,2027-01-15,call,85.0,54.0,0.0,0.0,1.0000000000000003e-05,1.0,0.0
2026-04-18,US0090661010,ABNB,2027-01-15,call,90.0,49.05,56.45,58.8,0.6004678625488282,2.0,53.0
2026-04-18,US0090661010,ABNB,2027-01-15,call,95.0,44.66,51.95,54.6,0.5727581787109376,3.0,25.0
2026-04-18,US0090661010,ABNB,2027-01-15,call,100.0,36.5,48.2,50.5,0.5578657495117189,1.0,221.0
2026-04-18,US0090661010,ABNB,2027-01-15,call,105.0,38.45,0.0,0.0,1.0000000000000003e-05,3.0,0.0
2026-04-18,US0090661010,ABNB,2027-01-15,call,110.0,40.2,40.05,42.75,0.5170336383056642,2.0,105.0
2026-04-18,US0090661010,ABNB,2027-01-15,call,115.0,33.77,36.55,39.0,0.5026294854736328,1.0,154.0
2026-04-18,US0090661010,ABNB,2027-01-15,call,120.0,35.0,33.5,34.55,0.495122236328125,6.0,483.0
2026-04-18,US0090661010,ABNB,2027-01-15,call,125.0,31.35,30.15,32.0,0.49966930999755865,6.0,247.0
2026-04-18,US0090661010,ABNB,2027-01-15,call,130.0,27.16,27.15,28.3,0.4740653179931641,1.0,775.0
2026-04-18,US0090661010,ABNB,2027-01-15,call,135.0,25.3,24.0,26.05,0.4776053216552735,1.0,915.0
2026-04-18,US0090661010,ABNB,2027-01-15,call,140.0,22.05,21.65,22.45,0.4487970159912109,108.0,8425.0
2026-04-18,US0090661010,ABNB,2027-01-15,call,145.0,19.82,18.85,20.5,0.4515435705566406,4.0,1618.0
2026-04-18,US0090661010,ABNB,2027-01-15,call,150.0,17.12,16.95,17.65,0.4322566540527344,409.0,1118.0
2026-04-18,US0090661010,ABNB,2027-01-15,call,155.0,15.45,14.55,15.85,0.431219066772461,1.0,2246.0
2026-04-18,US0090661010,ABNB,2027-01-15,call,160.0,13.25,13.0,13.65,0.4186154330444336,30.0,1097.0
2026-04-18,US0090661010,ABNB,2027-01-15,call,165.0,11.75,11.2,12.05,0.4151364639282227,5.0,338.0
2026-04-18,US0090661010,ABNB,2027-01-15,call,170.0,10.06,9.75,10.3,0.4052183502197265,14.0,1513.0
2026-04-18,US0090661010,ABNB,2027-01-15,call,175.0,7.6,8.45,9.2,0.4063474893188477,5.0,497.0
2026-04-18,US0090661010,ABNB,2027-01-15,call,180.0,7.75,7.2,7.95,0.4012511047363281,8.0,918.0
2026-04-18,US0090661010,ABNB,2027-01-15,call,185.0,6.8,6.15,8.15,0.428014753112793,5.0,259.0
2026-04-18,US0090661010,ABNB,2027-01-15,call,190.0,5.25,5.4,6.1,0.3980773083496094,10.0,831.0
2026-04-18,US0090661010,ABNB,2027-01-15,call,195.0,5.0,4.5,5.1,0.3903259210205078,1.0,45.0
2026-04-18,US0090661010,ABNB,2027-01-15,call,200.0,4.2,3.8,4.55,0.39234006103515623,23.0,987.0
2026-04-18,US0090661010,ABNB,2027-01-15,call,210.0,3.13,2.69,3.45,0.3903259210205078,1.0,1326.0
2026-04-18,US0090661010,ABNB,2027-01-15,call,220.0,1.61,1.79,2.73,0.3934386828613281,2.0,421.0
2026-04-18,US0090661010,ABNB,2027-01-15,call,230.0,1.59,1.31,2.13,0.3947204083251954,6.0,660.0
2026-04-18,US0090661010,ABNB,2027-01-15,call,240.0,1.3,0.82,2.24,0.42389492126464845,2.0,600.0
2026-04-18,US0090661010,ABNB,2027-01-15,put,55.0,0.44,0.22,0.57,0.5581098876953126,13.0,394.0
2026-04-18,US0090661010,ABNB,2027-01-15,put,60.0,0.74,0.57,0.91,0.5708050732421875,6.0,254.0
2026-04-18,US0090661010,ABNB,2027-01-15,put,65.0,0.78,0.52,0.91,0.5195360546875,4.0,238.0
2026-04-18,US0090661010,ABNB,2027-01-15,put,70.0,1.16,0.89,1.4,0.5239305419921875,70.0,135.0
2026-04-18,US0090661010,ABNB,2027-01-15,put,75.0,1.35,1.01,1.65,0.5220995056152342,10.0,140.0
2026-04-18,US0090661010,ABNB,2027-01-15,put,80.0,1.61,1.12,1.76,0.4852346398925781,10.0,706.0
2026-04-18,US0090661010,ABNB,2027-01-15,put,85.0,1.95,1.82,2.32,0.4769339416503906,151.0,474.0
2026-04-18,US0090661010,ABNB,2027-01-15,put,90.0,2.54,2.23,3.0,0.4690604852294922,291.0,994.0
2026-04-18,US0090661010,ABNB,2027-01-15,put,95.0,3.3,2.52,3.45,0.44605046142578125,11.0,2196.0
2026-04-18,US0090661010,ABNB,2027-01-15,put,100.0,3.95,3.85,4.25,0.4348201049804688,9.0,6454.0
2026-04-18,US0090661010,ABNB,2027-01-15,put,105.0,4.8,4.45,5.0,0.4177914666748046,1.0,2508.0
2026-04-18,US0090661010,ABNB,2027-01-15,put,110.0,5.85,5.7,6.25,0.4131528411865234,2.0,2858.0
2026-04-18,US0090661010,ABNB,2027-01-15,put,115.0,7.05,6.95,7.5,0.4033873138427735,33.0,680.0
2026-04-18,US0090661010,ABNB,2027-01-15,put,120.0,8.9,8.35,8.9,0.39331661376953125,3.0,6387.0
2026-04-18,US0090661010,ABNB,2027-01-15,put,125.0,10.03,9.85,10.65,0.3875183319091796,1.0,1836.0
2026-04-18,US0090661010,ABNB,2027-01-15,put,130.0,14.6,11.75,12.55,0.38049935913085936,3.0,807.0
2026-04-18,US0090661010,ABNB,2027-01-15,put,135.0,17.5,13.6,15.25,0.38635867553710934,1.0,3116.0
2026-04-18,US0090661010,ABNB,2027-01-15,put,140.0,17.0,15.85,16.7,0.3611514080810546,50.0,839.0
2026-04-18,US0090661010,ABNB,2027-01-15,put,145.0,19.09,18.4,19.35,0.3570010589599609,1.0,887.0
2026-04-18,US0090661010,ABNB,2027-01-15,put,150.0,30.9,21.0,22.05,0.34955484436035156,5.0,344.0
2026-04-18,US0090661010,ABNB,2027-01-15,put,155.0,30.0,0.0,0.0,1.0000000000000003e-05,7.0,0.0
2026-04-18,US0090661010,ABNB,2027-01-15,put,160.0,39.78,26.75,28.3,0.33924000610351557,14.0,43.0
2026-04-18,US0090661010,ABNB,2027-01-15,put,165.0,34.1,30.3,31.2,0.3225470578002929,2.0,27.0
2026-04-18,US0090661010,ABNB,2027-01-15,put,170.0,37.85,33.85,35.0,0.32126533233642574,6.0,20.0
2026-04-18,US0090661010,ABNB,2027-01-15,put,175.0,39.75,55.0,58.15,0.7000152069091796,5.0,11.0
2026-04-18,US0090661010,ABNB,2027-01-15,put,180.0,45.85,40.8,42.9,0.3143073941040039,7.0,13.0
2026-04-18,US0090661010,ABNB,2027-01-15,put,185.0,69.86,47.5,51.5,0.4259700958251954,2.0,0.0
2026-04-18,US0090661010,ABNB,2027-01-15,put,190.0,71.69,52.75,55.55,0.4237423348999023,2.0,7.0
2026-04-18,US0090661010,ABNB,2027-01-15,put,195.0,59.48,0.0,0.0,1.0000000000000003e-05,4.0,0.0
2026-04-18,US0090661010,ABNB,2027-01-15,put,230.0,109.5,107.0,111.5,0.877656252746582,,0.0
2026-04-18,US0090661010,ABNB,2027-01-15,put,240.0,137.86,109.7,116.35,0.7728904547119142,,0.0
2026-04-18,US0090661010,ABNB,2027-03-19,call,85.0,47.75,61.3,64.8,0.6054726953125001,8.0,9.0
2026-04-18,US0090661010,ABNB,2027-03-19,call,90.0,51.5,57.0,60.5,0.5797161169433593,1.0,1.0
2026-04-18,US0090661010,ABNB,2027-03-19,call,95.0,47.85,53.05,56.5,0.5632367895507813,,11.0
2026-04-18,US0090661010,ABNB,2027-03-19,call,100.0,46.0,48.0,51.25,0.510869149169922,1.0,18.0
2026-04-18,US0090661010,ABNB,2027-03-19,call,125.0,33.0,32.55,34.0,0.4922536126708985,50.0,64.0
2026-04-18,US0090661010,ABNB,2027-03-19,call,130.0,21.15,29.7,31.7,0.495671547241211,3.0,78.0
2026-04-18,US0090661010,ABNB,2027-03-19,call,135.0,18.15,26.0,29.4,0.49573258178710944,1.0,4.0
2026-04-18,US0090661010,ABNB,2027-03-19,call,140.0,19.95,24.2,26.5,0.4814199807739258,1.0,66.0
2026-04-18,US0090661010,ABNB,2027-03-19,call,145.0,22.35,21.9,23.2,0.45737236968994144,2.0,35.0
2026-04-18,US0090661010,ABNB,2027-03-19,call,150.0,20.2,17.55,21.2,0.45526667785644537,2.0,10.0
2026-04-18,US0090661010,ABNB,2027-03-19,call,155.0,17.0,16.85,18.55,0.4385432122802735,5.0,41.0
2026-04-18,US0090661010,ABNB,2027-03-19,call,160.0,16.8,15.2,18.5,0.4673210006713867,6.0,38.0
2026-04-18,US0090661010,ABNB,2027-03-19,call,165.0,14.52,13.7,14.95,0.42886923675537114,1.0,12.0
2026-04-18,US0090661010,ABNB,2027-03-19,call,170.0,12.66,12.35,13.25,0.422155436706543,5.0,6.0
2026-04-18,US0090661010,ABNB,2027-03-19,call,175.0,7.4,10.3,12.7,0.4352473468017578,1.0,5.0
2026-04-18,US0090661010,ABNB,2027-03-19,call,180.0,9.97,9.6,10.5,0.4140073248291015,1.0,60.0
2026-04-18,US0090661010,ABNB,2027-03-19,call,185.0,7.01,7.7,10.2,0.42847251220703125,1.0,4.0
2026-04-18,US0090661010,ABNB,2027-03-19,call,190.0,4.7,6.15,9.85,0.44067942138671873,2.0,18.0
2026-04-18,US0090661010,ABNB,2027-03-19,call,195.0,4.0,6.0,7.2,0.40155627746582034,1.0,19.0
2026-04-18,US0090661010,ABNB,2027-03-19,call,200.0,3.4,4.55,6.5,0.4021971401977539,4.0,10.0
2026-04-18,US0090661010,ABNB,2027-03-19,put,80.0,2.17,1.95,2.46,0.47839877075195314,5.0,231.0
2026-04-18,US0090661010,ABNB,2027-03-19,put,85.0,2.76,2.48,2.85,0.45642633422851564,2.0,1.0
2026-04-18,US0090661010,ABNB,2027-03-19,put,90.0,4.8,2.85,3.55,0.446294599609375,,31.0
2026-04-18,US0090661010,ABNB,2027-03-19,put,95.0,6.1,3.35,5.5,0.47614049255371094,,2.0
2026-04-18,US0090661010,ABNB,2027-03-19,put,100.0,7.2,3.35,5.5,0.4331111376953125,1.0,180.0
2026-04-18,US0090661010,ABNB,2027-03-19,put,105.0,6.77,5.85,6.35,0.4167538793945312,2.0,2.0
2026-04-18,US0090661010,ABNB,2027-03-19,put,110.0,7.3,6.85,7.9,0.4163876721191406,1.0,20.0
2026-04-18,US0090661010,ABNB,2027-03-19,put,115.0,9.65,7.5,9.15,0.4039366247558594,2.0,6.0
2026-04-18,US0090661010,ABNB,2027-03-19,put,120.0,12.0,9.6,10.65,0.39420161468505865,1.0,70.0
2026-04-18,US0090661010,ABNB,2027-03-19,put,125.0,13.35,10.9,12.85,0.39597161651611334,4.0,90.0
2026-04-18,US0090661010,ABNB,2027-03-19,put,130.0,13.95,13.6,15.0,0.3923705783081054,2.0,91.0
2026-04-18,US0090661010,ABNB,2027-03-19,put,135.0,17.85,15.65,17.2,0.3860840200805663,3.0,62.0
2026-04-18,US0090661010,ABNB,2027-03-19,put,140.0,20.15,17.3,19.85,0.3848938464355468,5.0,77.0
2026-04-18,US0090661010,ABNB,2027-03-19,put,145.0,27.2,19.75,22.05,0.37189348815917966,5.0,5.0
2026-04-18,US0090661010,ABNB,2027-06-17,call,70.0,60.7,75.8,79.0,0.6611362011718751,6.0,24.0
2026-04-18,US0090661010,ABNB,2027-06-17,call,85.0,44.0,0.0,0.0,1.0000000000000003e-05,3.0,0.0
2026-04-18,US0090661010,ABNB,2027-06-17,call,90.0,43.92,0.0,0.0,1.0000000000000003e-05,,0.0
2026-04-18,US0090661010,ABNB,2027-06-17,call,95.0,40.5,0.0,0.0,1.0000000000000003e-05,,0.0
2026-04-18,US0090661010,ABNB,2027-06-17,call,100.0,45.98,51.15,54.9,0.538639867553711,1.0,3.0
2026-04-18,US0090661010,ABNB,2027-06-17,call,110.0,30.39,0.0,0.0,1.0000000000000003e-05,,0.0
2026-04-18,US0090661010,ABNB,2027-06-17,call,115.0,30.85,41.8,44.25,0.5100146655273439,1.0,1.0
2026-04-18,US0090661010,ABNB,2027-06-17,call,120.0,38.0,38.25,41.1,0.5235643347167969,1.0,10.0
2026-04-18,US0090661010,ABNB,2027-06-17,call,125.0,36.31,35.35,37.6,0.5039722454833984,1.0,7.0
2026-04-18,US0090661010,ABNB,2027-06-17,call,130.0,28.1,32.7,34.8,0.49573258178710944,6.0,25.0
2026-04-18,US0090661010,ABNB,2027-06-17,call,135.0,31.11,29.75,32.15,0.4881032635498047,2.0,23.0
2026-04-18,US0090661010,ABNB,2027-06-17,call,140.0,25.3,27.45,30.25,0.4913075772094727,8.0,16.0
2026-04-18,US0090661010,ABNB,2027-06-17,call,145.0,25.9,23.7,27.25,0.4737296279907227,2.0,10.0
2026-04-18,US0090661010,ABNB,2027-06-17,call,150.0,23.67,22.3,24.9,0.46533737792968755,2.0,5.0
2026-04-18,US0090661010,ABNB,2027-06-17,call,155.0,21.5,20.0,21.9,0.4443720114135742,2.0,18.0
2026-04-18,US0090661010,ABNB,2027-06-17,call,160.0,19.82,18.25,21.0,0.4559990924072266,1.0,12.0
2026-04-18,US0090661010,ABNB,2027-06-17,call,165.0,17.75,17.0,19.45,0.45514460876464846,4.0,3.0
2026-04-18,US0090661010,ABNB,2027-06-17,call,170.0,16.0,14.85,17.65,0.4484002914428711,20.0,34.0
2026-04-18,US0090661010,ABNB,2027-06-17,call,175.0,14.25,13.3,16.0,0.4423578713989258,1.0,3.0
2026-04-18,US0090661010,ABNB,2027-06-17,call,180.0,7.95,12.6,13.7,0.42343716217041016,1.0,24.0
2026-04-18,US0090661010,ABNB,2027-06-17,call,190.0,6.35,9.55,11.95,0.4293269958496094,1.0,3.0
2026-04-18,US0090661010,ABNB,2027-06-17,call,195.0,5.75,8.5,10.05,0.4114743911743164,1.0,72.0
2026-04-18,US0090661010,ABNB,2027-06-17,call,200.0,8.52,8.25,9.95,0.42529871582031253,2.0,9.0
2026-04-18,US0090661010,ABNB,2027-06-17,put,65.0,2.06,0.17,2.14,0.5301560656738282,108.0,37.0
2026-04-18,US0090661010,ABNB,2027-06-17,put,70.0,2.64,1.02,3.95,0.5065967309570312,10.0,15.0
2026-04-18,US0090661010,ABNB,2027-06-17,put,75.0,4.1,1.37,3.8,0.5271043383789062,1.0,11.0
2026-04-18,US0090661010,ABNB,2027-06-17,put,80.0,4.3,0.0,0.0,0.12500875,1.0,0.0
2026-04-18,US0090661010,ABNB,2027-06-17,put,85.0,4.1,2.47,5.0,0.4875539526367188,1.0,10.0
2026-04-18,US0090661010,ABNB,2027-06-17,put,90.0,5.8,2.48,7.0,0.5091601818847658,10.0,32.0
2026-04-18,US0090661010,ABNB,2027-06-17,put,100.0,6.4,6.0,7.0,0.42578699218750005,1.0,510.0
2026-04-18,US0090661010,ABNB,2027-06-17,put,105.0,8.46,7.5,8.0,0.41138283935546877,1.0,319.0
2026-04-18,US0090661010,ABNB,2027-06-17,put,110.0,8.99,8.6,9.4,0.40405869384765625,1.0,30.0
2026-04-18,US0090661010,ABNB,2027-06-17,put,115.0,9.7,10.25,10.9,0.395788512878418,2.0,25.0
2026-04-18,US0090661010,ABNB,2027-06-17,put,120.0,11.92,11.2,12.55,0.3877319528198242,1.0,209.0
2026-04-18,US0090661010,ABNB,2027-06-17,put,125.0,13.9,13.8,14.95,0.390905749206543,50.0,55.0
2026-04-18,US0090661010,ABNB,2027-06-17,put,130.0,16.0,15.4,16.35,0.37259538543701176,2.0,38.0
2026-04-18,US0090661010,ABNB,2027-06-17,put,135.0,19.6,16.8,18.6,0.36701072448730465,6.0,47.0
2026-04-18,US0090661010,ABNB,2027-06-17,put,140.0,22.05,19.45,22.5,0.3864197100830078,1.0,121.0
2026-04-18,US0090661010,ABNB,2027-06-17,put,145.0,22.12,21.95,24.0,0.3625246853637696,1.0,59.0
2026-04-18,US0090661010,ABNB,2027-06-17,put,165.0,38.25,38.15,42.0,0.44067942138671873,,0.0
2026-04-18,US0090661010,ABNB,2027-12-17,call,60.0,68.0,71.4,75.0,1.0000000000000003e-05,1.0,1.0
2026-04-18,US0090661010,ABNB,2027-12-17,call,65.0,63.25,67.5,71.0,1.0000000000000003e-05,1.0,4.0
2026-04-18,US0090661010,ABNB,2027-12-17,call,70.0,68.95,78.4,81.5,0.6345861737060547,1.0,19.0
2026-04-18,US0090661010,ABNB,2027-12-17,call,75.0,55.25,69.5,72.75,0.5206957110595702,1.0,16.0
2026-04-18,US0090661010,ABNB,2027-12-17,call,80.0,67.35,54.5,57.9,1.0000000000000003e-05,1.0,93.0
2026-04-18,US0090661010,ABNB,2027-12-17,call,85.0,60.2,66.4,69.65,0.5752605950927734,1.0,34.0
2026-04-18,US0090661010,ABNB,2027-12-17,call,90.0,46.75,48.7,52.25,0.215828154296875,10.0,56.0
2026-04-18,US0090661010,ABNB,2027-12-17,call,95.0,49.2,40.0,42.5,1.0000000000000003e-05,3.0,18.0
2026-04-18,US0090661010,ABNB,2027-12-17,call,100.0,49.0,55.35,58.9,0.532231240234375,1.0,63.0
2026-04-18,US0090661010,ABNB,2027-12-17,call,105.0,54.0,51.95,55.4,0.5192308819580078,1.0,16.0
2026-04-18,US0090661010,ABNB,2027-12-17,call,110.0,43.5,49.25,52.3,0.5148058773803711,1.0,16.0
2026-04-18,US0090661010,ABNB,2027-12-17,call,115.0,30.35,41.0,43.8,0.4396418341064453,10.0,16.0
2026-04-18,US0090661010,ABNB,2027-12-17,call,120.0,36.2,42.95,46.4,0.5236864038085938,1.0,67.0
2026-04-18,US0090661010,ABNB,2027-12-17,call,125.0,38.5,39.0,44.0,0.521367091064453,1.0,56.0
2026-04-18,US0090661010,ABNB,2027-12-17,call,130.0,29.0,37.2,40.6,0.5021717263793947,3.0,131.0
2026-04-18,US0090661010,ABNB,2027-12-17,call,135.0,30.11,34.7,37.95,0.493443786315918,2.0,76.0
2026-04-18,US0090661010,ABNB,2027-12-17,call,140.0,32.46,33.1,34.0,0.4646965151977539,2.0,551.0
2026-04-18,US0090661010,ABNB,2027-12-17,call,145.0,29.12,30.9,33.9,0.4901174035644532,2.0,61.0
2026-04-18,US0090661010,ABNB,2027-12-17,call,150.0,29.2,28.4,30.65,0.4691825543212891,2.0,136.0
2026-04-18,US0090661010,ABNB,2027-12-17,call,155.0,27.4,25.95,28.25,0.45914237152099613,2.0,25.0
2026-04-18,US0090661010,ABNB,2027-12-17,call,160.0,25.31,24.85,26.95,0.4630485824584961,4.0,209.0
2026-04-18,US0090661010,ABNB,2027-12-17,call,165.0,23.82,22.6,24.8,0.4540154696655273,1.0,80.0
2026-04-18,US0090661010,ABNB,2027-12-17,call,170.0,21.87,20.55,22.85,0.44653873779296877,94.0,271.0
2026-04-18,US0090661010,ABNB,2027-12-17,call,175.0,20.23,19.35,20.9,0.4378718322753906,14.0,130.0
2026-04-18,US0090661010,ABNB,2027-12-17,call,180.0,12.5,17.05,20.45,0.4487664987182617,2.0,96.0
2026-04-18,US0090661010,ABNB,2027-12-17,call,185.0,17.31,16.8,17.8,0.42804527038574225,19.0,45.0
2026-04-18,US0090661010,ABNB,2027-12-17,call,190.0,11.65,14.75,17.85,0.4440363214111328,13.0,85.0
2026-04-18,US0090661010,ABNB,2027-12-17,call,195.0,10.31,12.55,16.85,0.4444025286865234,6.0,244.0
2026-04-18,US0090661010,ABNB,2027-12-17,call,200.0,9.05,13.1,14.15,0.41919526123046874,38.0,468.0
2026-04-18,US0090661010,ABNB,2027-12-17,call,210.0,11.45,11.1,13.1,0.4290523403930664,1.0,917.0
2026-04-18,US0090661010,ABNB,2027-12-17,put,60.0,1.93,0.59,0.0,0.12500875,2.0,0.0
2026-04-18,US0090661010,ABNB,2027-12-17,put,65.0,3.2,2.16,2.61,0.46722944885253903,3.0,11.0
2026-04-18,US0090661010,ABNB,2027-12-17,put,70.0,2.65,1.5,5.3,0.5343674493408204,1.0,16.0
2026-04-18,US0090661010,ABNB,2027-12-17,put,75.0,3.8,1.5,4.8,0.4758963543701171,100.0,19.0
2026-04-18,US0090661010,ABNB,2027-12-17,put,80.0,5.7,0.0,0.0,0.12500875,2.0,0.0
2026-04-18,US0090661010,ABNB,2027-12-17,put,85.0,6.9,0.0,0.0,0.062509375,4.0,0.0
2026-04-18,US0090661010,ABNB,2027-12-17,put,90.0,7.55,5.95,7.15,0.4296321685791016,1.0,70.0
2026-04-18,US0090661010,ABNB,2027-12-17,put,95.0,9.15,5.0,10.0,0.45825737060546884,24.0,56.0
2026-04-18,US0090661010,ABNB,2027-12-17,put,100.0,9.3,8.0,9.15,0.40265489929199216,13.0,360.0
2026-04-18,US0090661010,ABNB,2027-12-17,put,105.0,10.24,8.95,10.65,0.39691765197753903,1.0,646.0
2026-04-18,US0090661010,ABNB,2027-12-17,put,110.0,13.55,11.35,12.65,0.39789420471191406,1.0,155.0
2026-04-18,US0090661010,ABNB,2027-12-17,put,115.0,13.69,12.8,14.6,0.39493402923583987,1.0,52.0
2026-04-18,US0090661010,ABNB,2027-12-17,put,120.0,16.15,13.0,16.55,0.38959350646972657,2.0,295.0
2026-04-18,US0090661010,ABNB,2027-12-17,put,125.0,23.65,15.7,18.35,0.37985849639892577,51.0,131.0
2026-04-18,US0090661010,ABNB,2027-12-17,put,130.0,20.4,18.2,20.15,0.36844503631591796,54.0,247.0
2026-04-18,US0090661010,ABNB,2027-12-17,put,135.0,21.35,20.0,22.15,0.35834381896972656,1.0,217.0
2026-04-18,US0090661010,ABNB,2027-12-17,put,140.0,27.0,23.1,25.1,0.35999175170898434,1.0,120.0
2026-04-18,US0090661010,ABNB,2027-12-17,put,145.0,29.7,24.0,27.6,0.35321691711425773,2.0,23.0
2026-04-18,US0090661010,ABNB,2027-12-17,put,150.0,37.5,0.0,0.0,1.0000000000000003e-05,52.0,0.0
2026-04-18,US0090661010,ABNB,2027-12-17,put,155.0,36.75,30.35,34.0,0.35346105529785155,40.0,43.0
2026-04-18,US0090661010,ABNB,2027-12-17,put,160.0,37.2,37.45,39.9,0.38788453918457033,30.0,30.0
2026-04-18,US0090661010,ABNB,2027-12-17,put,165.0,51.73,52.7,56.5,0.5417831466674806,,1.0
2026-04-18,US0090661010,ABNB,2027-12-17,put,190.0,70.28,0.0,0.0,1.0000000000000003e-05,,0.0
2026-04-18,US0090661010,ABNB,2028-01-21,call,60.0,77.82,86.5,90.0,0.6635775830078127,2.0,9.0
2026-04-18,US0090661010,ABNB,2028-01-21,call,65.0,73.5,68.0,71.5,1.0000000000000003e-05,4.0,8.0
2026-04-18,US0090661010,ABNB,2028-01-21,call,70.0,69.54,70.5,75.0,0.45203184692382814,1.0,1.0
2026-04-18,US0090661010,ABNB,2028-01-21,call,75.0,68.5,74.5,78.0,0.6059609716796877,1.0,10.0
2026-04-18,US0090661010,ABNB,2028-01-21,call,80.0,64.3,71.15,73.8,0.5910990597534181,1.0,35.0
2026-04-18,US0090661010,ABNB,2028-01-21,call,85.0,49.93,0.0,0.0,1.0000000000000003e-05,1.0,0.0
2026-04-18,US0090661010,ABNB,2028-01-21,call,90.0,55.0,63.0,66.5,0.5543867803955078,1.0,33.0
2026-04-18,US0090661010,ABNB,2028-01-21,call,95.0,47.5,0.0,0.0,1.0000000000000003e-05,1.0,0.0
2026-04-18,US0090661010,ABNB,2028-01-21,call,100.0,45.75,56.0,59.15,0.5261583029174804,1.0,37.0
2026-04-18,US0090661010,ABNB,2028-01-21,call,105.0,44.51,53.45,56.5,0.5283860638427735,1.0,9.0
2026-04-18,US0090661010,ABNB,2028-01-21,call,110.0,39.88,49.5,52.25,0.5023243127441408,2.0,5.0
2026-04-18,US0090661010,ABNB,2028-01-21,call,115.0,48.5,46.65,50.0,0.5018665536499024,2.0,42.0
2026-04-18,US0090661010,ABNB,2028-01-21,call,120.0,33.65,43.5,46.65,0.5131884619140624,1.0,42.0
2026-04-18,US0090661010,ABNB,2028-01-21,call,125.0,42.61,41.65,44.05,0.5077563873291016,1.0,80.0
2026-04-18,US0090661010,ABNB,2028-01-21,call,130.0,40.21,39.05,40.95,0.49350482086181646,1.0,28.0
2026-04-18,US0090661010,ABNB,2028-01-21,call,135.0,34.15,36.45,39.15,0.4971363763427735,2.0,27.0
2026-04-18,US0090661010,ABNB,2028-01-21,call,140.0,35.5,34.2,36.4,0.48566188171386715,1.0,582.0
2026-04-18,US0090661010,ABNB,2028-01-21,call,145.0,31.64,31.7,34.5,0.48492946716308594,2.0,50.0
2026-04-18,US0090661010,ABNB,2028-01-21,call,150.0,30.2,29.0,31.65,0.4698844515991212,5.0,344.0
2026-04-18,US0090661010,ABNB,2028-01-21,call,155.0,27.85,26.35,29.05,0.4572655592346192,10.0,134.0
2026-04-18,US0090661010,ABNB,2028-01-21,call,160.0,25.64,25.35,27.6,0.45898978515625005,2.0,38.0
2026-04-18,US0090661010,ABNB,2028-01-21,call,165.0,24.55,23.25,24.9,0.4428461477661133,2.0,44.0
2026-04-18,US0090661010,ABNB,2028-01-21,call,170.0,22.55,21.65,23.7,0.44556218505859374,2.0,291.0
2026-04-18,US0090661010,ABNB,2028-01-21,call,175.0,20.15,19.95,22.4,0.44586735778808595,2.0,321.0
2026-04-18,US0090661010,ABNB,2028-01-21,call,180.0,20.0,18.15,20.9,0.44241890594482425,1.0,215.0
2026-04-18,US0090661010,ABNB,2028-01-21,call,185.0,18.5,16.0,18.75,0.4291744094848633,4.0,43.0
2026-04-18,US0090661010,ABNB,2028-01-21,call,190.0,14.0,15.5,18.25,0.43726148681640625,1.0,270.0
2026-04-18,US0090661010,ABNB,2028-01-21,call,195.0,11.5,15.15,17.0,0.43424027679443367,16.0,59.0
2026-04-18,US0090661010,ABNB,2028-01-21,call,200.0,14.36,13.5,14.6,0.41403784210205075,39.0,706.0
2026-04-18,US0090661010,ABNB,2028-01-21,put,60.0,2.1,1.18,2.51,0.48907981628417974,1.0,58.0
2026-04-18,US0090661010,ABNB,2028-01-21,put,65.0,3.2,0.0,0.0,0.12500875,4.0,0.0
2026-04-18,US0090661010,ABNB,2028-01-21,put,70.0,3.2,3.1,4.5,0.49182637084960945,2.0,57.0
2026-04-18,US0090661010,ABNB,2028-01-21,put,75.0,4.19,2.92,4.3,0.44611149597167965,5.0,12.0
2026-04-18,US0090661010,ABNB,2028-01-21,put,80.0,6.08,4.3,6.1,0.46411668701171876,1.0,440.0
2026-04-18,US0090661010,ABNB,2028-01-21,put,85.0,6.61,0.0,0.0,0.062509375,2.0,0.0
2026-04-18,US0090661010,ABNB,2028-01-21,put,90.0,7.7,0.0,0.0,0.062509375,2.0,0.0
2026-04-18,US0090661010,ABNB,2028-01-21,put,95.0,7.87,7.5,9.3,0.4306087213134766,2.0,275.0
2026-04-18,US0090661010,ABNB,2028-01-21,put,100.0,9.17,7.0,11.5,0.43884838500976564,1.0,50.0
2026-04-18,US0090661010,ABNB,2028-01-21,put,105.0,12.65,10.15,10.95,0.3916686810302734,152.0,189.0
2026-04-18,US0090661010,ABNB,2028-01-21,put,110.0,12.85,11.8,12.95,0.3922179919433594,1.0,71.0
2026-04-18,US0090661010,ABNB,2028-01-21,put,115.0,14.55,13.25,14.75,0.3865722964477538,8.0,175.0
2026-04-18,US0090661010,ABNB,2028-01-21,put,120.0,15.4,14.65,16.7,0.3812317736816406,1.0,909.0
2026-04-18,US0090661010,ABNB,2028-01-21,put,125.0,17.7,17.2,18.3,0.3686281399536133,1.0,224.0
2026-04-18,US0090661010,ABNB,2028-01-21,put,130.0,19.6,18.4,21.15,0.37283952362060546,1.0,586.0
2026-04-18,US0090661010,ABNB,2028-01-21,put,135.0,23.13,21.35,22.6,0.3548343325805663,10.0,94.0
2026-04-18,US0090661010,ABNB,2028-01-21,put,140.0,24.45,23.05,24.9,0.3473270834350586,2.0,531.0
2026-04-18,US0090661010,ABNB,2028-01-21,put,145.0,28.45,26.3,28.2,0.3516300189208984,44.0,136.0
2026-04-18,US0090661010,ABNB,2028-01-21,put,150.0,31.45,28.4,30.15,0.3358220715332031,2.0,54.0
2026-04-18,US0090661010,ABNB,2028-01-21,put,155.0,42.25,31.25,34.1,0.3450688052368164,21.0,22.0
2026-04-18,US0090661010,ABNB,2028-01-21,put,160.0,42.7,34.25,36.65,0.33386896606445315,18.0,6.0
2026-04-18,US0090661010,ABNB,2028-01-21,put,170.0,44.05,40.35,42.95,0.322424988708496,1.0,3.0
2026-04-18,US0090661010,ABNB,2028-01-21,put,190.0,64.5,62.25,64.55,0.4081785256958008,,2.0
2026-04-18,US0090661010,ABNB,2028-01-21,put,195.0,63.22,0.0,0.0,1.0000000000000003e-05,,0.0
2026-04-18,US0090661010,ABNB,2028-01-21,put,200.0,76.0,62.7,64.25,0.2789683920288085,1.0,11.0
